"Gene","Tissue","Psychiatric.disorder","Method","Nsnp","Beta","SE","OR","P.value","Q_Pvalue.MREgger.","Q_Pvalue.IVW.","P.value.Intercept.","PPH4"
"DND1P1","Lymphocyte","ASD","Wald ratio",1,-0.06,0.014,0.942,2.37e-05,NA,NA,NA,0.982994527
"NT5DC2","Lymphocyte","ASD","Wald ratio",1,0.098,0.029,1.103,0.00059,NA,NA,NA,0.711023321
"PDIA6","Lymphocyte","ASD","Wald ratio",1,-0.066,0.019,0.936,0.000649,NA,NA,NA,0.499105791
"RP11-473I1.6","Lymphocyte","ASD","Wald ratio",1,-0.067,0.021,0.935,0.00142,NA,NA,NA,0.00159932
"FAM53A","Lymphocyte","ASD","Wald ratio",1,0.072,0.023,1.074,0.00178,NA,NA,NA,0.028856993
"CIZ1","Lymphocyte","ASD","Wald ratio",1,0.06,0.021,1.061,0.00378,NA,NA,NA,0.033169998
"TMEM50B","Lymphocyte","ASD","Wald ratio",1,0.064,0.023,1.067,0.0047,NA,NA,NA,0.030708157
"SNCG","Lymphocyte","ASD","Wald ratio",1,0.06,0.021,1.062,0.00494,NA,NA,NA,0.027580448
"TRMT12","Lymphocyte","ASD","Wald ratio",1,-0.085,0.031,0.918,0.00581,NA,NA,NA,0.110448042
"BCAS4","Lymphocyte","ASD","Wald ratio",1,-0.062,0.024,0.94,0.00895,NA,NA,NA,0.006301869
"KLC1","Lymphocyte","ASD","Wald ratio",1,0.042,0.016,1.043,0.0112,NA,NA,NA,0.157153132
"RP11-44F21.4","Lymphocyte","ASD","Wald ratio",1,0.042,0.017,1.043,0.0136,NA,NA,NA,5.22e-05
"METTL21A","Lymphocyte","ASD","Wald ratio",1,-0.032,0.013,0.969,0.0142,NA,NA,NA,0.126508073
"RP11-716O23.2","Lymphocyte","ASD","Wald ratio",1,-0.066,0.027,0.936,0.0155,NA,NA,NA,0.085368485
"ADAMTSL3","Lymphocyte","ASD","Wald ratio",1,-0.042,0.017,0.959,0.0157,NA,NA,NA,0.004339258
"RNU6-1224P","Lymphocyte","ASD","Wald ratio",1,-0.058,0.024,0.943,0.0158,NA,NA,NA,0.112672135
"RP11-753N8.1","Lymphocyte","ASD","Wald ratio",1,0.032,0.013,1.032,0.0159,NA,NA,NA,0.01098329
"XYLT1","Lymphocyte","ASD","Wald ratio",1,0.06,0.025,1.062,0.0159,NA,NA,NA,0.025833129
"APBB1IP","Lymphocyte","ASD","Wald ratio",1,-0.042,0.018,0.959,0.017,NA,NA,NA,0.115928399
"RFTN1","Lymphocyte","ASD","Wald ratio",1,-0.056,0.024,0.946,0.0191,NA,NA,NA,0.098651086
"FGFR1OP","Lymphocyte","ASD","Wald ratio",1,0.039,0.017,1.04,0.0202,NA,NA,NA,0.081694713
"GCC2","Lymphocyte","ASD","Wald ratio",1,-0.081,0.035,0.922,0.022,NA,NA,NA,0.087389426
"RP11-125B21.2","Lymphocyte","ASD","Wald ratio",1,-0.034,0.015,0.967,0.022,NA,NA,NA,0.014663135
"TUBB6","Lymphocyte","ASD","Wald ratio",1,-0.051,0.022,0.951,0.0232,NA,NA,NA,0.002859903
"DSC2","Lymphocyte","ASD","Wald ratio",1,0.042,0.019,1.043,0.0247,NA,NA,NA,0.024852375
"DCPS","Lymphocyte","ASD","Wald ratio",1,-0.04,0.018,0.961,0.0253,NA,NA,NA,0.075353638
"ADCY3","Lymphocyte","ASD","Wald ratio",1,-0.05,0.023,0.951,0.0258,NA,NA,NA,0.068650304
"HSPA4","Lymphocyte","ASD","Wald ratio",1,0.041,0.019,1.042,0.0261,NA,NA,NA,0.054431438
"SDSL","Lymphocyte","ASD","Wald ratio",1,-0.086,0.039,0.917,0.0276,NA,NA,NA,0.002975174
"ENO4","Lymphocyte","ASD","Wald ratio",1,-0.044,0.02,0.957,0.0277,NA,NA,NA,0.012343345
"FMNL2","Lymphocyte","ASD","Wald ratio",1,0.038,0.017,1.039,0.0295,NA,NA,NA,0.006823224
"SERINC4","Lymphocyte","ASD","Wald ratio",1,-0.039,0.018,0.962,0.0296,NA,NA,NA,0.008438516
"NPLOC4","Lymphocyte","ASD","Wald ratio",1,0.023,0.011,1.024,0.0325,NA,NA,NA,0.035596543
"TSHZ1","Lymphocyte","ASD","Wald ratio",1,-0.021,0.01,0.98,0.0329,NA,NA,NA,0.063829923
"GALNT2","Lymphocyte","ASD","Wald ratio",1,0.092,0.044,1.097,0.034,NA,NA,NA,4.61e-05
"RP11-157N3.1","Lymphocyte","ASD","Wald ratio",1,0.023,0.011,1.023,0.0345,NA,NA,NA,0.000708605
"PAX5","Lymphocyte","ASD","Wald ratio",1,0.054,0.026,1.056,0.0349,NA,NA,NA,0.06008491
"DOCK8","Lymphocyte","ASD","Wald ratio",1,0.024,0.011,1.024,0.0349,NA,NA,NA,0.000798311
"PMS2CL","Lymphocyte","ASD","Wald ratio",1,0.051,0.024,1.052,0.0362,NA,NA,NA,0.004981141
"RPS9","Lymphocyte","ASD","Wald ratio",1,0.073,0.035,1.076,0.0369,NA,NA,NA,0.034952644
"ZNF341","Lymphocyte","ASD","Wald ratio",1,-0.042,0.02,0.959,0.0374,NA,NA,NA,0.011416426
"OXNAD1","Lymphocyte","ASD","Wald ratio",1,-0.016,0.008,0.984,0.039,NA,NA,NA,0.001206628
"OSTF1","Lymphocyte","ASD","Wald ratio",1,0.046,0.022,1.047,0.0393,NA,NA,NA,0.01256867
"MREG","Lymphocyte","ASD","Wald ratio",1,-0.052,0.026,0.949,0.0423,NA,NA,NA,0.019977662
"NAGK","Lymphocyte","ASD","Wald ratio",1,0.036,0.018,1.037,0.0427,NA,NA,NA,0.067191895
"GNA12","Lymphocyte","ASD","Wald ratio",1,-0.027,0.013,0.974,0.0427,NA,NA,NA,0.000948741
"TTC39B","Lymphocyte","ASD","Wald ratio",1,-0.026,0.013,0.974,0.0434,NA,NA,NA,0.051266353
"RP11-282I1.1","Lymphocyte","ASD","Wald ratio",1,-0.042,0.021,0.959,0.0441,NA,NA,NA,0.007363669
"MTHFD1","Lymphocyte","ASD","Wald ratio",1,0.023,0.012,1.024,0.0469,NA,NA,NA,0.0106155
"SYNGR1","Lymphocyte","ASD","Wald ratio",1,0.027,0.014,1.027,0.0475,NA,NA,NA,0.041503341
"C2orf76","Lymphocyte","ASD","Wald ratio",1,-0.017,0.009,0.983,0.0477,NA,NA,NA,0.003237624
"GSK3B","Lymphocyte","ASD","Wald ratio",1,0.049,0.025,1.05,0.0506,NA,NA,NA,0.00583404
"CUX1","Lymphocyte","ASD","Wald ratio",1,-0.035,0.018,0.966,0.0512,NA,NA,NA,0.008464478
"NEDD9","Lymphocyte","ASD","Wald ratio",1,0.027,0.014,1.027,0.0545,NA,NA,NA,0.008190444
"ZNF568","Lymphocyte","ASD","Wald ratio",1,-0.024,0.013,0.976,0.0548,NA,NA,NA,0.041333622
"TRAM2","Lymphocyte","ASD","Wald ratio",1,-0.026,0.013,0.975,0.055,NA,NA,NA,0.044227964
"RERE","Lymphocyte","ASD","Wald ratio",1,-0.036,0.019,0.965,0.0572,NA,NA,NA,0.002959148
"SYNE3","Lymphocyte","ASD","Wald ratio",1,0.044,0.023,1.045,0.0574,NA,NA,NA,0.037501235
"MRPL28","Lymphocyte","ASD","Wald ratio",1,-0.051,0.027,0.951,0.0577,NA,NA,NA,0.036864493
"MNT","Lymphocyte","ASD","Wald ratio",1,-0.055,0.029,0.947,0.0589,NA,NA,NA,0.038056891
"SH3TC1","Lymphocyte","ASD","Wald ratio",1,0.05,0.026,1.051,0.0597,NA,NA,NA,0.052927585
"MFSD6","Lymphocyte","ASD","Wald ratio",1,0.054,0.029,1.056,0.0617,NA,NA,NA,0.042513117
"RP11-642P15.1","Lymphocyte","ASD","Wald ratio",1,0.055,0.03,1.057,0.0634,NA,NA,NA,0.038822101
"TGFBR3","Lymphocyte","ASD","Wald ratio",1,0.035,0.019,1.035,0.0698,NA,NA,NA,0.033065153
"STIL","Lymphocyte","ASD","Wald ratio",1,-0.041,0.022,0.96,0.0698,NA,NA,NA,0.002763576
"CTSH","Lymphocyte","ASD","Wald ratio",1,0.029,0.016,1.03,0.0706,NA,NA,NA,0.036821924
"PIK3R6","Lymphocyte","ASD","Wald ratio",1,0.052,0.029,1.053,0.0725,NA,NA,NA,0.035157772
"UBE2E3","Lymphocyte","ASD","Wald ratio",1,0.035,0.02,1.036,0.0726,NA,NA,NA,0.03714231
"CRELD2","Lymphocyte","ASD","Wald ratio",1,-0.032,0.018,0.969,0.0735,NA,NA,NA,0.038626498
"EMR2","Lymphocyte","ASD","Wald ratio",1,0.045,0.025,1.046,0.0757,NA,NA,NA,0.011775421
"CTD-3088G3.8","Lymphocyte","ASD","Wald ratio",1,-0.027,0.015,0.973,0.0764,NA,NA,NA,3.09e-05
"FAM3C","Lymphocyte","ASD","Wald ratio",1,0.03,0.017,1.03,0.0814,NA,NA,NA,0.000842465
"DMXL2","Lymphocyte","ASD","Wald ratio",1,0.023,0.013,1.023,0.082,NA,NA,NA,0.009503148
"CREB3L2","Lymphocyte","ASD","Wald ratio",1,-0.038,0.022,0.962,0.0846,NA,NA,NA,0.004787173
"EXOSC9","Lymphocyte","ASD","Wald ratio",1,0.04,0.024,1.041,0.0929,NA,NA,NA,0.003270974
"ABCC4","Lymphocyte","ASD","Wald ratio",1,-0.05,0.03,0.952,0.0936,NA,NA,NA,0.006530762
"NDUFAF6","Lymphocyte","ASD","Wald ratio",1,-0.039,0.023,0.962,0.0956,NA,NA,NA,0.027252127
"SLC23A2","Lymphocyte","ASD","Wald ratio",1,0.022,0.013,1.023,0.0956,NA,NA,NA,0.0008517
"AKAP13","Lymphocyte","ASD","Wald ratio",1,-0.022,0.013,0.979,0.0995,NA,NA,NA,0.007311879
"RPA3","Lymphocyte","ASD","Wald ratio",1,-0.017,0.011,0.983,0.107,NA,NA,NA,0.000342856
"PPP4R2","Lymphocyte","ASD","Wald ratio",1,0.043,0.027,1.044,0.107,NA,NA,NA,0.023650601
"ARID1B","Lymphocyte","ASD","Wald ratio",1,0.022,0.014,1.022,0.107,NA,NA,NA,0.000669841
"RBM47","Lymphocyte","ASD","Wald ratio",1,-0.024,0.015,0.976,0.11,NA,NA,NA,7.41e-05
"CAMK4","Lymphocyte","ASD","Wald ratio",1,-0.033,0.021,0.967,0.112,NA,NA,NA,0.026489501
"ANKRD44","Lymphocyte","ASD","Wald ratio",1,0.044,0.028,1.045,0.113,NA,NA,NA,0.024150841
"YEATS4","Lymphocyte","ASD","Wald ratio",1,0.043,0.028,1.044,0.116,NA,NA,NA,0.023023763
"GALC","Lymphocyte","ASD","Wald ratio",1,0.049,0.031,1.05,0.117,NA,NA,NA,0.002477526
"LINC00271","Lymphocyte","ASD","Wald ratio",1,-0.025,0.016,0.976,0.118,NA,NA,NA,0.000465293
"KCNQ1","Lymphocyte","ASD","Wald ratio",1,-0.038,0.024,0.963,0.118,NA,NA,NA,0.003241958
"MACROD2","Lymphocyte","ASD","Wald ratio",1,-0.025,0.016,0.975,0.123,NA,NA,NA,0.022890827
"TRIO","Lymphocyte","ASD","Wald ratio",1,0.033,0.022,1.034,0.126,NA,NA,NA,0.024460271
"IKZF1","Lymphocyte","ASD","Wald ratio",1,0.034,0.022,1.034,0.127,NA,NA,NA,0.001151113
"PIGL","Lymphocyte","ASD","Wald ratio",1,0.022,0.015,1.022,0.131,NA,NA,NA,0.004551391
"GLYAT","Lymphocyte","ASD","Wald ratio",1,0.018,0.012,1.019,0.136,NA,NA,NA,0.020480677
"UBAC2","Lymphocyte","ASD","Wald ratio",1,0.032,0.022,1.033,0.136,NA,NA,NA,0.021323044
"OAS1","Lymphocyte","ASD","Wald ratio",1,-0.027,0.018,0.973,0.139,NA,NA,NA,0.02116976
"SRCRB4D","Lymphocyte","ASD","Wald ratio",1,0.014,0.01,1.014,0.141,NA,NA,NA,2.59e-05
"SPTLC2","Lymphocyte","ASD","Wald ratio",1,0.017,0.012,1.017,0.144,NA,NA,NA,0.019352787
"CLTCL1","Lymphocyte","ASD","Wald ratio",1,-0.029,0.02,0.971,0.145,NA,NA,NA,0.000289548
"AGMAT","Lymphocyte","ASD","Wald ratio",1,0.039,0.027,1.04,0.146,NA,NA,NA,0.019446608
"AGO3","Lymphocyte","ASD","Wald ratio",1,0.021,0.015,1.022,0.148,NA,NA,NA,0.003040115
"ZNF83","Lymphocyte","ASD","Wald ratio",1,-0.055,0.039,0.947,0.156,NA,NA,NA,0.009228982
"TPD52","Lymphocyte","ASD","Wald ratio",1,0.017,0.012,1.017,0.156,NA,NA,NA,0.018494003
"DAPK1","Lymphocyte","ASD","Wald ratio",1,-0.021,0.015,0.979,0.157,NA,NA,NA,0.019457762
"MGAT5","Lymphocyte","ASD","Wald ratio",1,-0.017,0.012,0.983,0.159,NA,NA,NA,0.000144281
"GDI2","Lymphocyte","ASD","Wald ratio",1,-0.026,0.018,0.975,0.161,NA,NA,NA,0.018121235
"SAMD3","Lymphocyte","ASD","Wald ratio",1,0.008,0.006,1.008,0.162,NA,NA,NA,0.020741551
"SAMSN1","Lymphocyte","ASD","Wald ratio",1,0.017,0.012,1.017,0.164,NA,NA,NA,0.018691761
"CCS","Lymphocyte","ASD","Wald ratio",1,0.011,0.008,1.011,0.169,NA,NA,NA,2.16e-05
"ZNF257","Lymphocyte","ASD","Wald ratio",1,-0.032,0.023,0.969,0.17,NA,NA,NA,0.01272392
"PM20D2","Lymphocyte","ASD","Wald ratio",1,0.017,0.013,1.017,0.172,NA,NA,NA,4.26e-05
"INSR","Lymphocyte","ASD","Wald ratio",1,-0.041,0.03,0.96,0.176,NA,NA,NA,6.46e-05
"GCH1","Lymphocyte","ASD","Wald ratio",1,-0.049,0.037,0.952,0.178,NA,NA,NA,0.01724967
"RP11-431M7.2","Lymphocyte","ASD","Wald ratio",1,0.043,0.032,1.044,0.178,NA,NA,NA,0.00981614
"GFOD1","Lymphocyte","ASD","Wald ratio",1,-0.037,0.027,0.964,0.178,NA,NA,NA,0.014263178
"RPA3-AS1","Lymphocyte","ASD","Wald ratio",1,0.018,0.013,1.018,0.179,NA,NA,NA,0.006769444
"DTNB","Lymphocyte","ASD","Wald ratio",1,0.019,0.014,1.019,0.18,NA,NA,NA,0.018621717
"PDZD2","Lymphocyte","ASD","Wald ratio",1,0.012,0.009,1.012,0.183,NA,NA,NA,0.000155012
"GSAP","Lymphocyte","ASD","Wald ratio",1,-0.03,0.022,0.971,0.185,NA,NA,NA,0.016726771
"PLEC","Lymphocyte","ASD","Wald ratio",1,-0.033,0.025,0.968,0.187,NA,NA,NA,0.014338173
"IQCB1","Lymphocyte","ASD","Wald ratio",1,-0.023,0.018,0.977,0.192,NA,NA,NA,0.010605678
"IQSEC1","Lymphocyte","ASD","Wald ratio",1,0.031,0.024,1.031,0.192,NA,NA,NA,0.01901778
"NEU4","Lymphocyte","ASD","Wald ratio",1,-0.025,0.019,0.975,0.192,NA,NA,NA,0.017584056
"INPP5B","Lymphocyte","ASD","Wald ratio",1,0.017,0.013,1.017,0.193,NA,NA,NA,0.017725081
"RP11-179A10.1","Lymphocyte","ASD","Wald ratio",1,-0.019,0.014,0.982,0.193,NA,NA,NA,0.003807287
"MIR550A2","Lymphocyte","ASD","Wald ratio",1,-0.014,0.011,0.986,0.194,NA,NA,NA,0.021315175
"ANKH","Lymphocyte","ASD","Wald ratio",1,0.01,0.008,1.011,0.198,NA,NA,NA,0.000326762
"ENPP7","Lymphocyte","ASD","Wald ratio",1,-0.01,0.008,0.99,0.204,NA,NA,NA,0.01585008
"UBOX5","Lymphocyte","ASD","Wald ratio",1,-0.026,0.021,0.974,0.208,NA,NA,NA,0.000260131
"RNU6-927P","Lymphocyte","ASD","Wald ratio",1,0.031,0.024,1.031,0.208,NA,NA,NA,0.009223599
"IL4I1","Lymphocyte","ASD","Wald ratio",1,-0.013,0.01,0.987,0.208,NA,NA,NA,0.016607498
"TEC","Lymphocyte","ASD","Wald ratio",1,-0.039,0.031,0.961,0.209,NA,NA,NA,0.015517779
"AGPAT6","Lymphocyte","ASD","Wald ratio",1,-0.026,0.021,0.975,0.213,NA,NA,NA,0.001821106
"NIPAL2","Lymphocyte","ASD","Wald ratio",1,-0.02,0.016,0.98,0.214,NA,NA,NA,0.000510125
"CCDC36","Lymphocyte","ASD","Wald ratio",1,0.018,0.015,1.018,0.215,NA,NA,NA,0.012835072
"MOXD1","Lymphocyte","ASD","Wald ratio",1,-0.021,0.017,0.98,0.216,NA,NA,NA,0.019381958
"TBC1D4","Lymphocyte","ASD","Wald ratio",1,-0.016,0.013,0.985,0.217,NA,NA,NA,0.013542181
"RNU6-1337P","Lymphocyte","ASD","Wald ratio",1,-0.018,0.015,0.982,0.222,NA,NA,NA,0.014460939
"PPFIBP2","Lymphocyte","ASD","Wald ratio",1,-0.036,0.029,0.965,0.222,NA,NA,NA,0.01429154
"AC007969.5","Lymphocyte","ASD","Wald ratio",1,0.02,0.016,1.02,0.223,NA,NA,NA,0.007341471
"LAMA5","Lymphocyte","ASD","Wald ratio",1,0.022,0.018,1.022,0.226,NA,NA,NA,0.000821872
"NDUFA6-AS1","Lymphocyte","ASD","Wald ratio",1,0.036,0.03,1.036,0.227,NA,NA,NA,0.032075165
"WDR25","Lymphocyte","ASD","Wald ratio",1,-0.033,0.028,0.967,0.231,NA,NA,NA,0.015627132
"PLCG2","Lymphocyte","ASD","Wald ratio",1,0.022,0.018,1.022,0.231,NA,NA,NA,0.012612501
"VRK1","Lymphocyte","ASD","Wald ratio",1,-0.021,0.018,0.979,0.232,NA,NA,NA,0.001062117
"ARSB","Lymphocyte","ASD","Wald ratio",1,0.026,0.022,1.026,0.234,NA,NA,NA,0.000297726
"AGPAT3","Lymphocyte","ASD","Wald ratio",1,-0.033,0.028,0.967,0.237,NA,NA,NA,0.003657414
"SLFN5","Lymphocyte","ASD","Wald ratio",1,-0.011,0.01,0.989,0.238,NA,NA,NA,0.013674999
"B4GALT4","Lymphocyte","ASD","Wald ratio",1,0.01,0.009,1.01,0.244,NA,NA,NA,8.08e-05
"ZC3H12D","Lymphocyte","ASD","Wald ratio",1,-0.047,0.04,0.955,0.248,NA,NA,NA,0.013484051
"RP1-148H17.1","Lymphocyte","ASD","Wald ratio",1,-0.028,0.025,0.972,0.25,NA,NA,NA,0.004811081
"AP001046.6","Lymphocyte","ASD","Wald ratio",1,-0.02,0.018,0.98,0.252,NA,NA,NA,0.009309589
"RP1-303A1.1","Lymphocyte","ASD","Wald ratio",1,-0.014,0.012,0.986,0.254,NA,NA,NA,0.008231985
"CNR2","Lymphocyte","ASD","Wald ratio",1,0.016,0.014,1.017,0.255,NA,NA,NA,0.000780326
"IL2RB","Lymphocyte","ASD","Wald ratio",1,0.019,0.017,1.02,0.258,NA,NA,NA,0.01332482
"RP11-42I10.1","Lymphocyte","ASD","Wald ratio",1,-0.02,0.018,0.98,0.263,NA,NA,NA,0.000449778
"DFNA5","Lymphocyte","ASD","Wald ratio",1,-0.018,0.016,0.982,0.265,NA,NA,NA,0.017449745
"ACA59","Lymphocyte","ASD","Wald ratio",1,-0.006,0.006,0.994,0.266,NA,NA,NA,1.7e-05
"DTD1","Lymphocyte","ASD","Wald ratio",1,0.02,0.018,1.02,0.269,NA,NA,NA,0.003611653
"SH3PXD2A","Lymphocyte","ASD","Wald ratio",1,0.022,0.02,1.022,0.271,NA,NA,NA,0.012507661
"SLC2A9","Lymphocyte","ASD","Wald ratio",1,0.016,0.015,1.017,0.271,NA,NA,NA,0.01259007
"TRIM38","Lymphocyte","ASD","Wald ratio",1,0.025,0.023,1.026,0.272,NA,NA,NA,0.000529402
"CFLAR","Lymphocyte","ASD","Wald ratio",1,0.028,0.026,1.028,0.275,NA,NA,NA,1.8e-06
"RP5-940F7.2","Lymphocyte","ASD","Wald ratio",1,-0.015,0.014,0.985,0.277,NA,NA,NA,0.013959446
"SMG1","Lymphocyte","ASD","Wald ratio",1,0.015,0.014,1.015,0.277,NA,NA,NA,0.002710738
"CENPM","Lymphocyte","ASD","Wald ratio",1,-0.041,0.038,0.96,0.28,NA,NA,NA,0.001706905
"FRMD4A","Lymphocyte","ASD","Wald ratio",1,0.016,0.015,1.016,0.282,NA,NA,NA,3.89e-05
"DSCR9","Lymphocyte","ASD","Wald ratio",1,-0.046,0.043,0.955,0.283,NA,NA,NA,0.010899692
"ZPBP2","Lymphocyte","ASD","Wald ratio",1,0.02,0.019,1.021,0.284,NA,NA,NA,0.0109401
"TCEB1P28","Lymphocyte","ASD","Wald ratio",1,-0.032,0.03,0.969,0.286,NA,NA,NA,0.002323709
"FAM171A1","Lymphocyte","ASD","Wald ratio",1,0.017,0.016,1.017,0.294,NA,NA,NA,0.007874762
"RP11-212I21.2","Lymphocyte","ASD","Wald ratio",1,-0.012,0.011,0.988,0.295,NA,NA,NA,0.01415298
"BMP8B","Lymphocyte","ASD","Wald ratio",1,-0.012,0.011,0.988,0.295,NA,NA,NA,0.012543372
"IDI1","Lymphocyte","ASD","Wald ratio",1,-0.014,0.013,0.986,0.304,NA,NA,NA,0.011602548
"ELMO1","Lymphocyte","ASD","Wald ratio",1,-0.013,0.013,0.987,0.307,NA,NA,NA,0.000386258
"UCK2","Lymphocyte","ASD","Wald ratio",1,-0.016,0.015,0.985,0.31,NA,NA,NA,0.011596194
"SPERT","Lymphocyte","ASD","Wald ratio",1,0.03,0.03,1.03,0.314,NA,NA,NA,0.006475722
"BCL2L15","Lymphocyte","ASD","Wald ratio",1,0.016,0.016,1.016,0.314,NA,NA,NA,0.00582042
"USP48","Lymphocyte","ASD","Wald ratio",1,0.03,0.03,1.03,0.317,NA,NA,NA,0.013459621
"DENND1A","Lymphocyte","ASD","Wald ratio",1,0.015,0.015,1.015,0.317,NA,NA,NA,0.001782244
"MCOLN2","Lymphocyte","ASD","Wald ratio",1,0.018,0.018,1.018,0.317,NA,NA,NA,0.011437236
"KALRN","Lymphocyte","ASD","Wald ratio",1,-0.015,0.015,0.985,0.32,NA,NA,NA,0.01015033
"FAM193A","Lymphocyte","ASD","Wald ratio",1,-0.019,0.019,0.981,0.321,NA,NA,NA,0.007717848
"CLC","Lymphocyte","ASD","Wald ratio",1,0.018,0.018,1.018,0.321,NA,NA,NA,0.000216347
"KCNA6","Lymphocyte","ASD","Wald ratio",1,-0.011,0.011,0.989,0.321,NA,NA,NA,8.9e-06
"KIFAP3","Lymphocyte","ASD","Wald ratio",1,-0.022,0.022,0.978,0.322,NA,NA,NA,0.000420909
"ADAMTS12","Lymphocyte","ASD","Wald ratio",1,-0.02,0.02,0.981,0.322,NA,NA,NA,0.009466959
"CAMK1D","Lymphocyte","ASD","Wald ratio",1,0.019,0.019,1.019,0.324,NA,NA,NA,0.004674884
"AC068610.5","Lymphocyte","ASD","Wald ratio",1,-0.012,0.012,0.988,0.328,NA,NA,NA,3.41e-05
"CD244","Lymphocyte","ASD","Wald ratio",1,0.024,0.024,1.024,0.329,NA,NA,NA,0.002792937
"PLEKHA7","Lymphocyte","ASD","Wald ratio",1,0.017,0.017,1.017,0.331,NA,NA,NA,0.000199826
"PGS1","Lymphocyte","ASD","Wald ratio",1,0.053,0.055,1.055,0.332,NA,NA,NA,0.005892824
"BTD","Lymphocyte","ASD","Wald ratio",1,-0.011,0.012,0.989,0.333,NA,NA,NA,0.000667372
"NT5E","Lymphocyte","ASD","Wald ratio",1,0.01,0.01,1.01,0.335,NA,NA,NA,1.17e-05
"RAMP1","Lymphocyte","ASD","Wald ratio",1,0.019,0.02,1.019,0.338,NA,NA,NA,0.011449718
"LRRC16A","Lymphocyte","ASD","Wald ratio",1,0.012,0.012,1.012,0.346,NA,NA,NA,0.010828715
"VPS13C","Lymphocyte","ASD","Wald ratio",1,0.021,0.022,1.021,0.346,NA,NA,NA,0.010578083
"GRM8","Lymphocyte","ASD","Wald ratio",1,0.012,0.013,1.012,0.353,NA,NA,NA,0.010691951
"NCF2","Lymphocyte","ASD","Wald ratio",1,0.032,0.035,1.033,0.354,NA,NA,NA,0.005115315
"ACCS","Lymphocyte","ASD","Wald ratio",1,-0.021,0.023,0.979,0.356,NA,NA,NA,0.012922673
"RALB","Lymphocyte","ASD","Wald ratio",1,0.011,0.012,1.011,0.357,NA,NA,NA,0.004967337
"BCAT1","Lymphocyte","ASD","Wald ratio",1,-0.013,0.014,0.987,0.357,NA,NA,NA,0.015214488
"ZMIZ2","Lymphocyte","ASD","Wald ratio",1,-0.015,0.016,0.985,0.357,NA,NA,NA,0.010450664
"ADK","Lymphocyte","ASD","Wald ratio",1,-0.005,0.005,0.995,0.36,NA,NA,NA,0.007300759
"LARGE","Lymphocyte","ASD","Inverse variance weighted",2,0.012,0.013,1.012,0.362,NA,0.574413349,NA,0.00027479
"NDUFA12","Lymphocyte","ASD","Wald ratio",1,0.025,0.028,1.026,0.362,NA,NA,NA,0.011025677
"CACNA1E","Lymphocyte","ASD","Wald ratio",1,-0.007,0.008,0.993,0.37,NA,NA,NA,0.010593217
"ZDHHC14","Lymphocyte","ASD","Wald ratio",1,0.02,0.022,1.02,0.372,NA,NA,NA,0.009226221
"TRAK1","Lymphocyte","ASD","Wald ratio",1,0.007,0.008,1.007,0.372,NA,NA,NA,1.2e-05
"PYROXD2","Lymphocyte","ASD","Wald ratio",1,0.026,0.029,1.026,0.374,NA,NA,NA,0.001686724
"XAF1","Lymphocyte","ASD","Wald ratio",1,-0.009,0.01,0.992,0.375,NA,NA,NA,0.010447529
"RP5-1198O20.4","Lymphocyte","ASD","Wald ratio",1,0.017,0.019,1.017,0.375,NA,NA,NA,0.013404101
"COTL1","Lymphocyte","ASD","Wald ratio",1,0.011,0.012,1.011,0.378,NA,NA,NA,0.011593177
"ZFAT","Lymphocyte","ASD","Wald ratio",1,-0.025,0.029,0.975,0.38,NA,NA,NA,0.010425032
"FKBP2","Lymphocyte","ASD","Wald ratio",1,-0.014,0.016,0.986,0.382,NA,NA,NA,0.008821987
"RP11-734K21.2","Lymphocyte","ASD","Wald ratio",1,0.016,0.018,1.016,0.383,NA,NA,NA,0.000228729
"KNTC1","Lymphocyte","ASD","Wald ratio",1,-0.011,0.012,0.989,0.385,NA,NA,NA,0.002031374
"PACSIN2","Lymphocyte","ASD","Wald ratio",1,0.011,0.012,1.011,0.389,NA,NA,NA,0.00986703
"TRBJ2-1","Lymphocyte","ASD","Wald ratio",1,0.015,0.018,1.016,0.39,NA,NA,NA,1.93e-05
"GUCY1A3","Lymphocyte","ASD","Wald ratio",1,-0.016,0.019,0.984,0.391,NA,NA,NA,0.000255692
"SAA1","Lymphocyte","ASD","Wald ratio",1,0.019,0.022,1.019,0.391,NA,NA,NA,2.84e-06
"SPATA20","Lymphocyte","ASD","Wald ratio",1,-0.017,0.021,0.983,0.397,NA,NA,NA,0.001049093
"LLGL2","Lymphocyte","ASD","Wald ratio",1,-0.013,0.015,0.987,0.401,NA,NA,NA,0.010023125
"SLC37A1","Lymphocyte","ASD","Wald ratio",1,0.012,0.014,1.012,0.402,NA,NA,NA,0.015905918
"MYO5A","Lymphocyte","ASD","Wald ratio",1,-0.014,0.017,0.986,0.403,NA,NA,NA,0.013109858
"MAP6","Lymphocyte","ASD","Wald ratio",1,-0.009,0.011,0.991,0.404,NA,NA,NA,0.00970795
"VAT1L","Lymphocyte","ASD","Wald ratio",1,-0.01,0.013,0.99,0.405,NA,NA,NA,0.009943477
"RAPGEF5","Lymphocyte","ASD","Wald ratio",1,0.013,0.015,1.013,0.407,NA,NA,NA,1.41e-05
"RP11-513G19.1","Lymphocyte","ASD","Wald ratio",1,0.018,0.021,1.018,0.414,NA,NA,NA,0.006851392
"CTB-91J4.1","Lymphocyte","ASD","Wald ratio",1,-0.011,0.014,0.989,0.414,NA,NA,NA,2.68e-05
"RN7SKP122","Lymphocyte","ASD","Wald ratio",1,-0.024,0.03,0.976,0.415,NA,NA,NA,1.28e-06
"TCP11L1","Lymphocyte","ASD","Wald ratio",1,-0.021,0.025,0.979,0.415,NA,NA,NA,0.001228642
"MTA3","Lymphocyte","ASD","Wald ratio",1,-0.008,0.01,0.992,0.425,NA,NA,NA,0.008201916
"LL22NC03-30E12.13","Lymphocyte","ASD","Wald ratio",1,0.014,0.018,1.014,0.425,NA,NA,NA,0.009691407
"TMPRSS9","Lymphocyte","ASD","Wald ratio",1,-0.008,0.01,0.992,0.427,NA,NA,NA,7.48e-05
"CCDC88C","Lymphocyte","ASD","Wald ratio",1,-0.025,0.031,0.975,0.427,NA,NA,NA,3.06e-06
"AC079610.1","Lymphocyte","ASD","Wald ratio",1,0.006,0.008,1.006,0.432,NA,NA,NA,0.009404102
"TRAF3IP2","Lymphocyte","ASD","Wald ratio",1,-0.012,0.015,0.988,0.434,NA,NA,NA,9.56e-05
"HECW2","Lymphocyte","ASD","Wald ratio",1,0.017,0.022,1.017,0.434,NA,NA,NA,0.002911518
"ZDHHC13","Lymphocyte","ASD","Wald ratio",1,-0.015,0.02,0.985,0.441,NA,NA,NA,0.001969854
"AC069368.3","Lymphocyte","ASD","Wald ratio",1,-0.007,0.009,0.993,0.446,NA,NA,NA,0.002696655
"CCDC146","Lymphocyte","ASD","Wald ratio",1,-0.013,0.017,0.987,0.448,NA,NA,NA,0.006388712
"GLCCI1","Lymphocyte","ASD","Wald ratio",1,-0.026,0.035,0.974,0.449,NA,NA,NA,0.003257771
"CMIP","Lymphocyte","ASD","Wald ratio",1,0.015,0.02,1.015,0.452,NA,NA,NA,1.3e-05
"AC079630.2","Lymphocyte","ASD","Wald ratio",1,0.013,0.017,1.013,0.454,NA,NA,NA,0.00983662
"LAMC1","Lymphocyte","ASD","Wald ratio",1,-0.017,0.023,0.983,0.455,NA,NA,NA,0.000825947
"POLR2E","Lymphocyte","ASD","Wald ratio",1,-0.023,0.031,0.977,0.457,NA,NA,NA,0.001909063
"PTPRA","Lymphocyte","ASD","Wald ratio",1,0.01,0.013,1.01,0.461,NA,NA,NA,0.009061142
"FAM107B","Lymphocyte","ASD","Wald ratio",1,0.031,0.042,1.031,0.463,NA,NA,NA,1.29e-06
"AHRR","Lymphocyte","ASD","Wald ratio",1,-0.017,0.024,0.983,0.473,NA,NA,NA,0.000687968
"BMPR1APS2","Lymphocyte","ASD","Wald ratio",1,0.012,0.017,1.013,0.475,NA,NA,NA,0.002189037
"NCALD","Lymphocyte","ASD","Wald ratio",1,-0.013,0.019,0.987,0.478,NA,NA,NA,0.001756272
"C1orf228","Lymphocyte","ASD","Wald ratio",1,0.012,0.017,1.012,0.48,NA,NA,NA,0.004498949
"RP11-861A13.4","Lymphocyte","ASD","Wald ratio",1,-0.02,0.029,0.98,0.482,NA,NA,NA,0.000306114
"TLDC1","Lymphocyte","ASD","Inverse variance weighted",2,-0.023,0.033,0.977,0.484,NA,0.375707272,NA,0.013348011
"SND1","Lymphocyte","ASD","Wald ratio",1,-0.022,0.032,0.978,0.486,NA,NA,NA,0.006604606
"CTA-373H7.7","Lymphocyte","ASD","Wald ratio",1,-0.018,0.026,0.982,0.488,NA,NA,NA,0.002207017
"MTFR1","Lymphocyte","ASD","Wald ratio",1,-0.022,0.032,0.978,0.49,NA,NA,NA,0.009745395
"VAV2","Lymphocyte","ASD","Inverse variance weighted",2,0.015,0.021,1.015,0.491,NA,0.896358932,NA,0.009134421
"ISPD","Lymphocyte","ASD","Wald ratio",1,-0.008,0.012,0.992,0.493,NA,NA,NA,2.28e-05
"ADAMTS7","Lymphocyte","ASD","Wald ratio",1,-0.019,0.029,0.981,0.505,NA,NA,NA,0.0067457
"SUZ12P","Lymphocyte","ASD","Wald ratio",1,-0.012,0.018,0.988,0.505,NA,NA,NA,0.000101437
"GLDC","Lymphocyte","ASD","Wald ratio",1,0.007,0.011,1.007,0.505,NA,NA,NA,0.008438937
"CCDC155","Lymphocyte","ASD","Wald ratio",1,0.018,0.027,1.018,0.505,NA,NA,NA,0.008513466
"TMTC4","Lymphocyte","ASD","Wald ratio",1,-0.014,0.021,0.986,0.508,NA,NA,NA,0.009275945
"RP1-152L7.5","Lymphocyte","ASD","Wald ratio",1,0.014,0.022,1.014,0.511,NA,NA,NA,0.005227963
"SP100","Lymphocyte","ASD","Wald ratio",1,-0.014,0.021,0.986,0.511,NA,NA,NA,0.008944847
"SLC18B1","Lymphocyte","ASD","Wald ratio",1,-0.014,0.022,0.986,0.512,NA,NA,NA,0.000130323
"SERPINB10","Lymphocyte","ASD","Wald ratio",1,0.019,0.029,1.019,0.515,NA,NA,NA,0.003786694
"LINC00607","Lymphocyte","ASD","Wald ratio",1,0.005,0.008,1.005,0.521,NA,NA,NA,2.15e-05
"FAM189A1","Lymphocyte","ASD","Wald ratio",1,0.01,0.016,1.011,0.523,NA,NA,NA,3.71e-05
"RASSF2","Lymphocyte","ASD","Wald ratio",1,-0.011,0.018,0.989,0.526,NA,NA,NA,0.008574832
"GPATCH2L","Lymphocyte","ASD","Wald ratio",1,-0.011,0.017,0.989,0.527,NA,NA,NA,6.54e-06
"STK33","Lymphocyte","ASD","Wald ratio",1,0.01,0.016,1.01,0.529,NA,NA,NA,5.27e-05
"ZC2HC1A","Lymphocyte","ASD","Wald ratio",1,0.006,0.01,1.006,0.529,NA,NA,NA,0.000193166
"CHST11","Lymphocyte","ASD","Wald ratio",1,-0.009,0.014,0.991,0.532,NA,NA,NA,0.008938007
"PYGB","Lymphocyte","ASD","Wald ratio",1,-0.015,0.025,0.985,0.533,NA,NA,NA,0.002753459
"EP400","Lymphocyte","ASD","Wald ratio",1,-0.021,0.034,0.979,0.535,NA,NA,NA,0.010672527
"PIEZO2","Lymphocyte","ASD","Wald ratio",1,-0.006,0.01,0.994,0.538,NA,NA,NA,0.008243984
"INPP1","Lymphocyte","ASD","Wald ratio",1,0.016,0.026,1.016,0.539,NA,NA,NA,0.008827946
"RPS10-NUDT3","Lymphocyte","ASD","Wald ratio",1,0.015,0.024,1.015,0.542,NA,NA,NA,0.00292747
"GSDMD","Lymphocyte","ASD","Wald ratio",1,-0.009,0.015,0.991,0.542,NA,NA,NA,0.002258358
"HOXB2","Lymphocyte","ASD","Wald ratio",1,-0.007,0.012,0.993,0.547,NA,NA,NA,0.000141181
"CAPZB","Lymphocyte","ASD","Wald ratio",1,0.011,0.018,1.011,0.551,NA,NA,NA,0.002271477
"PTK7","Lymphocyte","ASD","Wald ratio",1,-0.009,0.016,0.991,0.552,NA,NA,NA,2.34e-06
"RGPD8","Lymphocyte","ASD","Wald ratio",1,0.004,0.007,1.004,0.554,NA,NA,NA,6.53e-06
"PNOC","Lymphocyte","ASD","Wald ratio",1,-0.015,0.026,0.985,0.557,NA,NA,NA,0.008394557
"LINC00423","Lymphocyte","ASD","Wald ratio",1,-0.022,0.038,0.978,0.559,NA,NA,NA,0.012898287
"RPS16","Lymphocyte","ASD","Wald ratio",1,-0.006,0.011,0.994,0.56,NA,NA,NA,1.5e-05
"C9orf69","Lymphocyte","ASD","Wald ratio",1,0.021,0.035,1.021,0.562,NA,NA,NA,0.005561146
"MSH6","Lymphocyte","ASD","Wald ratio",1,0.012,0.021,1.012,0.565,NA,NA,NA,0.009311354
"NARF","Lymphocyte","ASD","Wald ratio",1,0.012,0.021,1.012,0.565,NA,NA,NA,0.008505048
"ZKSCAN8","Lymphocyte","ASD","Wald ratio",1,-0.01,0.017,0.99,0.567,NA,NA,NA,0.009581548
"SH3RF3","Lymphocyte","ASD","Wald ratio",1,-0.01,0.017,0.99,0.568,NA,NA,NA,0.000136095
"RPF2","Lymphocyte","ASD","Wald ratio",1,-0.014,0.024,0.986,0.57,NA,NA,NA,0.010292739
"ADPGK","Lymphocyte","ASD","Wald ratio",1,-0.006,0.011,0.994,0.571,NA,NA,NA,7.08e-05
"ZDHHC7","Lymphocyte","ASD","Wald ratio",1,-0.007,0.012,0.994,0.574,NA,NA,NA,0.005951294
"RP11-542M13.2","Lymphocyte","ASD","Wald ratio",1,0.008,0.014,1.008,0.581,NA,NA,NA,0.006455434
"RP11-219G17.4","Lymphocyte","ASD","Wald ratio",1,-0.015,0.026,0.986,0.581,NA,NA,NA,3.35e-05
"WDSUB1","Lymphocyte","ASD","Wald ratio",1,-0.01,0.019,0.99,0.582,NA,NA,NA,0.001078928
"SPTBN1","Lymphocyte","ASD","Wald ratio",1,0.016,0.029,1.016,0.589,NA,NA,NA,0.009192027
"ZNF767","Lymphocyte","ASD","Wald ratio",1,0.014,0.026,1.014,0.589,NA,NA,NA,0.009071186
"RRP12","Lymphocyte","ASD","Wald ratio",1,0.014,0.027,1.014,0.596,NA,NA,NA,0.008152503
"RMDN2","Lymphocyte","ASD","Wald ratio",1,-0.012,0.022,0.988,0.597,NA,NA,NA,0.007897256
"RP11-701P16.5","Lymphocyte","ASD","Wald ratio",1,0.027,0.051,1.027,0.599,NA,NA,NA,2.15e-06
"ZNF808","Lymphocyte","ASD","Wald ratio",1,-0.01,0.02,0.99,0.6,NA,NA,NA,0.000599901
"HLA-DQA1","Lymphocyte","ASD","Wald ratio",1,-0.005,0.01,0.995,0.602,NA,NA,NA,0.007931995
"HLA-DPB2","Lymphocyte","ASD","Wald ratio",1,-0.011,0.021,0.989,0.603,NA,NA,NA,0.009665455
"RP11-693J15.3","Lymphocyte","ASD","Wald ratio",1,-0.006,0.011,0.994,0.605,NA,NA,NA,0.007860075
"CTD-3094K11.1","Lymphocyte","ASD","Wald ratio",1,-0.006,0.012,0.994,0.605,NA,NA,NA,0.00159016
"GPR146","Lymphocyte","ASD","Wald ratio",1,0.022,0.042,1.022,0.606,NA,NA,NA,0.01056498
"VAC14","Lymphocyte","ASD","Wald ratio",1,0.008,0.015,1.008,0.606,NA,NA,NA,0.010006363
"CTNNBIP1","Lymphocyte","ASD","Wald ratio",1,-0.007,0.014,0.993,0.609,NA,NA,NA,4.84e-05
"ANTXRLP1","Lymphocyte","ASD","Wald ratio",1,0.006,0.013,1.006,0.612,NA,NA,NA,0.008535689
"GAA","Lymphocyte","ASD","Wald ratio",1,-0.015,0.031,0.985,0.615,NA,NA,NA,3.14e-06
"UST","Lymphocyte","ASD","Wald ratio",1,-0.012,0.024,0.988,0.617,NA,NA,NA,0.006607144
"GCNT2","Lymphocyte","ASD","Wald ratio",1,0.01,0.02,1.01,0.617,NA,NA,NA,0.007178012
"PIP5K1C","Lymphocyte","ASD","Wald ratio",1,0.006,0.012,1.006,0.617,NA,NA,NA,0.010031856
"ARHGEF19","Lymphocyte","ASD","Wald ratio",1,-0.011,0.023,0.989,0.617,NA,NA,NA,0.007021958
"BIK","Lymphocyte","ASD","Wald ratio",1,0.008,0.016,1.008,0.619,NA,NA,NA,0.000481482
"JADE2","Lymphocyte","ASD","Wald ratio",1,0.007,0.014,1.007,0.619,NA,NA,NA,0.000694857
"PARVB","Lymphocyte","ASD","Wald ratio",1,0.01,0.02,1.01,0.622,NA,NA,NA,9.19e-05
"ARHGAP26","Lymphocyte","ASD","Wald ratio",1,-0.007,0.015,0.993,0.622,NA,NA,NA,0.007927671
"ARHGAP22","Lymphocyte","ASD","Wald ratio",1,0.007,0.014,1.007,0.625,NA,NA,NA,0.000422687
"NINJ2","Lymphocyte","ASD","Wald ratio",1,0.013,0.028,1.013,0.629,NA,NA,NA,0.007407954
"UTP18","Lymphocyte","ASD","Wald ratio",1,0.008,0.016,1.008,0.63,NA,NA,NA,0.004749402
"RSU1","Lymphocyte","ASD","Wald ratio",1,-0.01,0.022,0.99,0.633,NA,NA,NA,0.008277769
"KCTD1","Lymphocyte","ASD","Wald ratio",1,0.005,0.011,1.005,0.638,NA,NA,NA,0.000210359
"TYW1","Lymphocyte","ASD","Wald ratio",1,-0.01,0.021,0.99,0.638,NA,NA,NA,0.001522624
"MYCBPAP","Lymphocyte","ASD","Wald ratio",1,0.008,0.017,1.008,0.643,NA,NA,NA,0.004056865
"TARBP1","Lymphocyte","ASD","Inverse variance weighted",2,0.006,0.014,1.006,0.643,NA,0.985060095,NA,0.007491247
"TBXAS1","Lymphocyte","ASD","Wald ratio",1,0.007,0.016,1.007,0.648,NA,NA,NA,0.000550604
"TTC39C","Lymphocyte","ASD","Wald ratio",1,0.005,0.011,1.005,0.648,NA,NA,NA,5.75e-05
"RBFOX3","Lymphocyte","ASD","Wald ratio",1,0.006,0.013,1.006,0.652,NA,NA,NA,0.008848873
"C17orf97","Lymphocyte","ASD","Wald ratio",1,0.006,0.014,1.006,0.661,NA,NA,NA,0.008912436
"GPR150","Lymphocyte","ASD","Wald ratio",1,0.009,0.021,1.009,0.663,NA,NA,NA,8.88e-05
"CTD-2247C11.1","Lymphocyte","ASD","Wald ratio",1,-0.014,0.034,0.986,0.666,NA,NA,NA,0.025468222
"LPCAT1","Lymphocyte","ASD","Inverse variance weighted",2,-0.005,0.013,0.995,0.668,NA,0.831825862,NA,0.007668483
"CMC2","Lymphocyte","ASD","Wald ratio",1,0.018,0.043,1.019,0.669,NA,NA,NA,0.009775184
"WDR91","Lymphocyte","ASD","Wald ratio",1,-0.012,0.027,0.988,0.67,NA,NA,NA,0.008384158
"RHOH","Lymphocyte","ASD","Wald ratio",1,0.008,0.019,1.008,0.673,NA,NA,NA,0.000678911
"PSMC3","Lymphocyte","ASD","Wald ratio",1,-0.006,0.016,0.994,0.677,NA,NA,NA,0.000330923
"CTB-111H14.1","Lymphocyte","ASD","Wald ratio",1,-0.009,0.022,0.991,0.679,NA,NA,NA,0.005012062
"APBB2","Lymphocyte","ASD","Wald ratio",1,-0.004,0.011,0.996,0.685,NA,NA,NA,0.00645277
"IGHV1-69","Lymphocyte","ASD","Wald ratio",1,-0.005,0.013,0.995,0.686,NA,NA,NA,3.19e-05
"RNF157","Lymphocyte","ASD","Wald ratio",1,0.007,0.017,1.007,0.687,NA,NA,NA,0.001091318
"INSIG2","Lymphocyte","ASD","Wald ratio",1,-0.008,0.02,0.992,0.69,NA,NA,NA,0.000599354
"CLASP1","Lymphocyte","ASD","Wald ratio",1,0.006,0.015,1.006,0.695,NA,NA,NA,0.000106518
"KB-1047C11.2","Lymphocyte","ASD","Wald ratio",1,0.008,0.02,1.008,0.695,NA,NA,NA,0.006936163
"RP11-434C1.1","Lymphocyte","ASD","Wald ratio",1,-0.006,0.014,0.994,0.7,NA,NA,NA,0.000233163
"SLC15A4","Lymphocyte","ASD","Wald ratio",1,0.005,0.012,1.005,0.7,NA,NA,NA,0.0076189
"SLC1A1","Lymphocyte","ASD","Wald ratio",1,0.008,0.02,1.008,0.703,NA,NA,NA,0.008498501
"RNU6-131P","Lymphocyte","ASD","Wald ratio",1,-0.007,0.018,0.993,0.708,NA,NA,NA,0.001063181
"AP3S2","Lymphocyte","ASD","Wald ratio",1,0.008,0.021,1.008,0.709,NA,NA,NA,0.000669943
"RIBC2","Lymphocyte","ASD","Wald ratio",1,-0.005,0.013,0.995,0.709,NA,NA,NA,0.001162338
"TLR6","Lymphocyte","ASD","Wald ratio",1,-0.011,0.031,0.989,0.718,NA,NA,NA,0.005316305
"C21orf58","Lymphocyte","ASD","Wald ratio",1,0.004,0.012,1.004,0.725,NA,NA,NA,0.007630696
"ENTPD1","Lymphocyte","ASD","Wald ratio",1,0.005,0.016,1.005,0.739,NA,NA,NA,0.007131359
"RP11-387D10.2","Lymphocyte","ASD","Wald ratio",1,-0.009,0.027,0.991,0.745,NA,NA,NA,0.001262457
"GPR35","Lymphocyte","ASD","Wald ratio",1,0.004,0.013,1.004,0.746,NA,NA,NA,0.00254279
"AGA","Lymphocyte","ASD","Wald ratio",1,-0.005,0.015,0.995,0.749,NA,NA,NA,0.001336402
"BCL2L14","Lymphocyte","ASD","Wald ratio",1,-0.009,0.027,0.991,0.75,NA,NA,NA,0.001321431
"WDR18","Lymphocyte","ASD","Wald ratio",1,-0.01,0.031,0.99,0.754,NA,NA,NA,0.007946772
"RP11-982M15.8","Lymphocyte","ASD","Wald ratio",1,0.006,0.019,1.006,0.756,NA,NA,NA,0.000986745
"CIITA","Lymphocyte","ASD","Wald ratio",1,0.006,0.018,1.006,0.763,NA,NA,NA,0.000129853
"TRIM14","Lymphocyte","ASD","Wald ratio",1,-0.005,0.016,0.995,0.77,NA,NA,NA,0.008301702
"ACSF3","Lymphocyte","ASD","Wald ratio",1,-0.009,0.031,0.991,0.773,NA,NA,NA,0.002781337
"BMP8A","Lymphocyte","ASD","Wald ratio",1,-0.003,0.012,0.997,0.775,NA,NA,NA,8.39e-05
"CARS2","Lymphocyte","ASD","Inverse variance weighted",2,-0.007,0.025,0.993,0.776,NA,0.348255643,NA,6.77e-06
"MICAL2","Lymphocyte","ASD","Wald ratio",1,0.006,0.02,1.006,0.777,NA,NA,NA,0.007467167
"LPAR1","Lymphocyte","ASD","Wald ratio",1,-0.004,0.016,0.996,0.777,NA,NA,NA,3.06e-05
"SLC12A8","Lymphocyte","ASD","Wald ratio",1,-0.006,0.023,0.994,0.781,NA,NA,NA,0.010834146
"GPR133","Lymphocyte","ASD","Wald ratio",1,0.005,0.018,1.005,0.784,NA,NA,NA,0.007501056
"SPG20","Lymphocyte","ASD","Wald ratio",1,0.004,0.017,1.004,0.794,NA,NA,NA,0.000111568
"SPINT2","Lymphocyte","ASD","Wald ratio",1,0.006,0.021,1.006,0.794,NA,NA,NA,0.004484687
"NOX3","Lymphocyte","ASD","Wald ratio",1,-0.007,0.027,0.993,0.795,NA,NA,NA,0.001646082
"EFCAB7","Lymphocyte","ASD","Wald ratio",1,-0.002,0.007,0.998,0.795,NA,NA,NA,0.000368332
"CHST3","Lymphocyte","ASD","Wald ratio",1,0.003,0.012,1.003,0.797,NA,NA,NA,0.007165223
"GPRC5C","Lymphocyte","ASD","Wald ratio",1,-0.004,0.015,0.996,0.798,NA,NA,NA,7.23e-05
"DNAH11","Lymphocyte","ASD","Wald ratio",1,0.003,0.012,1.003,0.804,NA,NA,NA,0.001850127
"ITGAE","Lymphocyte","ASD","Wald ratio",1,-0.007,0.027,0.993,0.805,NA,NA,NA,0.007027003
"SERPINF1","Lymphocyte","ASD","Wald ratio",1,-0.004,0.015,0.996,0.807,NA,NA,NA,0.002839956
"CTTNBP2NL","Lymphocyte","ASD","Wald ratio",1,0.003,0.012,1.003,0.809,NA,NA,NA,0.000850675
"KAZN","Lymphocyte","ASD","Wald ratio",1,0.003,0.013,1.003,0.813,NA,NA,NA,0.006516135
"ICA1","Lymphocyte","ASD","Wald ratio",1,-0.004,0.017,0.996,0.815,NA,NA,NA,0.009268198
"KCNQ5","Lymphocyte","ASD","Wald ratio",1,0.005,0.023,1.005,0.823,NA,NA,NA,0.00185866
"TAF1D","Lymphocyte","ASD","Wald ratio",1,0.003,0.012,1.003,0.823,NA,NA,NA,0.007212405
"RP11-565N2.1","Lymphocyte","ASD","Wald ratio",1,0.002,0.009,1.002,0.824,NA,NA,NA,0.00597637
"BCAS1","Lymphocyte","ASD","Wald ratio",1,-0.007,0.03,0.993,0.83,NA,NA,NA,0.007094095
"SNX10","Lymphocyte","ASD","Wald ratio",1,-0.004,0.018,0.996,0.833,NA,NA,NA,0.007687242
"CYP4F9P","Lymphocyte","ASD","Wald ratio",1,0.005,0.024,1.005,0.833,NA,NA,NA,1.35e-06
"BRF1","Lymphocyte","ASD","Wald ratio",1,0.004,0.019,1.004,0.834,NA,NA,NA,0.007935568
"ATF7IP","Lymphocyte","ASD","Wald ratio",1,-0.007,0.031,0.993,0.834,NA,NA,NA,0.006588587
"SLC7A7","Lymphocyte","ASD","Wald ratio",1,0.003,0.015,1.003,0.835,NA,NA,NA,0.007534363
"DHTKD1","Lymphocyte","ASD","Wald ratio",1,0.004,0.02,1.004,0.836,NA,NA,NA,0.000319987
"BICD2","Lymphocyte","ASD","Wald ratio",1,0.002,0.009,1.002,0.838,NA,NA,NA,0.004090197
"ANKRD33B","Lymphocyte","ASD","Wald ratio",1,0.008,0.039,1.008,0.841,NA,NA,NA,0.007024595
"B4GALT1","Lymphocyte","ASD","Wald ratio",1,-0.004,0.019,0.996,0.842,NA,NA,NA,0.007571015
"CNTNAP2","Lymphocyte","ASD","Wald ratio",1,0.002,0.009,1.002,0.842,NA,NA,NA,0.007042742
"DENND4B","Lymphocyte","ASD","Wald ratio",1,-0.001,0.006,0.999,0.845,NA,NA,NA,0.006967493
"MEF2A","Lymphocyte","ASD","Wald ratio",1,0.004,0.023,1.004,0.851,NA,NA,NA,0.001424883
"INTS8","Lymphocyte","ASD","Wald ratio",1,-0.007,0.035,0.993,0.852,NA,NA,NA,0.003598584
"RAB15","Lymphocyte","ASD","Wald ratio",1,0.007,0.038,1.007,0.854,NA,NA,NA,0.000854277
"CLEC16A","Lymphocyte","ASD","Wald ratio",1,-0.004,0.021,0.996,0.857,NA,NA,NA,0.005520889
"FCRLA","Lymphocyte","ASD","Wald ratio",1,0.005,0.028,1.005,0.857,NA,NA,NA,0.007245605
"MYO1D","Lymphocyte","ASD","Wald ratio",1,0.003,0.016,1.003,0.858,NA,NA,NA,1.5e-06
"AL162853.1","Lymphocyte","ASD","Wald ratio",1,-0.003,0.014,0.997,0.858,NA,NA,NA,5.04e-05
"LITAF","Lymphocyte","ASD","Wald ratio",1,0.003,0.015,1.003,0.859,NA,NA,NA,0.00708996
"TSPAN18","Lymphocyte","ASD","Wald ratio",1,-0.003,0.016,0.997,0.862,NA,NA,NA,0.000703076
"CTNNA2","Lymphocyte","ASD","Wald ratio",1,-0.002,0.009,0.998,0.864,NA,NA,NA,0.007036021
"RP11-329N22.1","Lymphocyte","ASD","Wald ratio",1,-0.004,0.026,0.996,0.864,NA,NA,NA,0.002162763
"BHLHE23","Lymphocyte","ASD","Wald ratio",1,0.003,0.018,1.003,0.865,NA,NA,NA,2.74e-05
"ZSCAN10","Lymphocyte","ASD","Wald ratio",1,-0.003,0.02,0.997,0.865,NA,NA,NA,0.000156005
"CTA-126B4.7","Lymphocyte","ASD","Wald ratio",1,0.003,0.015,1.003,0.866,NA,NA,NA,0.008319417
"CASS4","Lymphocyte","ASD","Wald ratio",1,0.003,0.017,1.003,0.876,NA,NA,NA,0.008302079
"GRAMD4","Lymphocyte","ASD","Wald ratio",1,-0.004,0.028,0.996,0.877,NA,NA,NA,0.002374009
"AP001347.6","Lymphocyte","ASD","Inverse variance weighted",2,-0.003,0.019,0.997,0.882,NA,0.154312789,NA,0.009626352
"BCL2","Lymphocyte","ASD","Wald ratio",1,-0.005,0.031,0.995,0.882,NA,NA,NA,0.001733557
"ZNF155","Lymphocyte","ASD","Wald ratio",1,0.001,0.009,1.001,0.885,NA,NA,NA,0.000231853
"MKRN2","Lymphocyte","ASD","Wald ratio",1,0.003,0.022,1.003,0.891,NA,NA,NA,0.001291504
"ZNHIT6","Lymphocyte","ASD","Wald ratio",1,0.004,0.026,1.004,0.891,NA,NA,NA,0.002558586
"TANGO6","Lymphocyte","ASD","Wald ratio",1,0.001,0.011,1.001,0.892,NA,NA,NA,0.011253439
"PKHD1L1","Lymphocyte","ASD","Wald ratio",1,0.002,0.015,1.002,0.895,NA,NA,NA,0.002789527
"DIEXF","Lymphocyte","ASD","Wald ratio",1,0.004,0.03,1.004,0.897,NA,NA,NA,0.005296123
"OVOL1","Lymphocyte","ASD","Wald ratio",1,0.001,0.007,1.001,0.91,NA,NA,NA,0.006928397
"LRRK1","Lymphocyte","ASD","Wald ratio",1,-0.002,0.015,0.998,0.913,NA,NA,NA,0.007131522
"GNG2","Lymphocyte","ASD","Wald ratio",1,0.004,0.034,1.004,0.913,NA,NA,NA,0.003274746
"TRIM47","Lymphocyte","ASD","Wald ratio",1,-0.001,0.013,0.999,0.915,NA,NA,NA,0.008464954
"NDUFS5","Lymphocyte","ASD","Wald ratio",1,0.004,0.037,1.004,0.917,NA,NA,NA,0.007580677
"SRP14-AS1","Lymphocyte","ASD","Wald ratio",1,-0.003,0.026,0.997,0.918,NA,NA,NA,0.014984928
"RABEP1","Lymphocyte","ASD","Wald ratio",1,0.003,0.026,1.003,0.919,NA,NA,NA,0.00736112
"TRAJ9","Lymphocyte","ASD","Wald ratio",1,-0.003,0.026,0.997,0.92,NA,NA,NA,0.002046417
"C1orf100","Lymphocyte","ASD","Wald ratio",1,0.001,0.009,1.001,0.926,NA,NA,NA,0.007204233
"SNN","Lymphocyte","ASD","Wald ratio",1,0.002,0.027,1.003,0.927,NA,NA,NA,0.001979471
"KIAA1217","Lymphocyte","ASD","Wald ratio",1,0.001,0.016,1.001,0.928,NA,NA,NA,0.006424578
"TIFA","Lymphocyte","ASD","Wald ratio",1,-0.001,0.017,0.999,0.929,NA,NA,NA,0.007844234
"IRAK2","Lymphocyte","ASD","Wald ratio",1,0.001,0.011,1.001,0.93,NA,NA,NA,0.007921996
"CREB5","Lymphocyte","ASD","Wald ratio",1,0.001,0.017,1.001,0.93,NA,NA,NA,0.007627803
"DUSP16","Lymphocyte","ASD","Wald ratio",1,0.002,0.024,1.002,0.933,NA,NA,NA,0.007614201
"SNX29","Lymphocyte","ASD","Wald ratio",1,0.002,0.023,1.002,0.942,NA,NA,NA,0.007519933
"SYK","Lymphocyte","ASD","Wald ratio",1,-0.001,0.019,0.999,0.945,NA,NA,NA,0.007237148
"DNAJC15","Lymphocyte","ASD","Wald ratio",1,0.001,0.021,1.001,0.951,NA,NA,NA,0.008023706
"DEAF1","Lymphocyte","ASD","Wald ratio",1,0.001,0.017,1.001,0.952,NA,NA,NA,0.00737974
"DTX3L","Lymphocyte","ASD","Wald ratio",1,-0.001,0.025,0.999,0.953,NA,NA,NA,0.008311266
"GPHN","Lymphocyte","ASD","Wald ratio",1,-0.001,0.014,0.999,0.954,NA,NA,NA,1.97e-05
"RNF166","Lymphocyte","ASD","Wald ratio",1,-0.001,0.018,0.999,0.954,NA,NA,NA,0.009480853
"LAMA2","Lymphocyte","ASD","Wald ratio",1,-0.001,0.022,0.999,0.955,NA,NA,NA,0.004349204
"RNASEH1-AS1","Lymphocyte","ASD","Wald ratio",1,-0.001,0.022,0.999,0.958,NA,NA,NA,0.018258805
"MAP3K2","Lymphocyte","ASD","Wald ratio",1,0.001,0.018,1.001,0.961,NA,NA,NA,0.000337595
"CNDP2","Lymphocyte","ASD","Wald ratio",1,-0.001,0.028,0.999,0.964,NA,NA,NA,0.007768441
"PASK","Lymphocyte","ASD","Wald ratio",1,0.001,0.029,1.001,0.966,NA,NA,NA,0.011401783
"BIN1","Lymphocyte","ASD","Wald ratio",1,0.001,0.025,1.001,0.967,NA,NA,NA,0.001463479
"MARK4","Lymphocyte","ASD","Wald ratio",1,0.001,0.016,1.001,0.969,NA,NA,NA,7.03e-05
"ELP3","Lymphocyte","ASD","Wald ratio",1,-0.001,0.016,0.999,0.971,NA,NA,NA,3.09e-05
"ALG8","Lymphocyte","ASD","Wald ratio",1,0,0.013,1,0.977,NA,NA,NA,0.006701358
"PTPN14","Lymphocyte","ASD","Wald ratio",1,-0.001,0.019,0.999,0.977,NA,NA,NA,4.91e-05
"FBXO10","Lymphocyte","ASD","Wald ratio",1,0.001,0.019,1.001,0.978,NA,NA,NA,0.001651407
"LY86","Lymphocyte","ASD","Wald ratio",1,0,0.013,1,0.979,NA,NA,NA,0.007419102
"PRKCE","Lymphocyte","ASD","Wald ratio",1,0.001,0.025,1.001,0.979,NA,NA,NA,0.001616686
"PLXNC1","Lymphocyte","ASD","Wald ratio",1,0.001,0.035,1.001,0.979,NA,NA,NA,2.2e-06
"RBM33","Lymphocyte","ASD","Wald ratio",1,0,0.015,1,0.982,NA,NA,NA,0.00859502
"PTGIR","Lymphocyte","ASD","Wald ratio",1,-0.001,0.031,0.999,0.983,NA,NA,NA,0.007180627
"VAMP1","Lymphocyte","ASD","Wald ratio",1,-0.001,0.028,0.999,0.984,NA,NA,NA,0.004282274
"DOCK10","Lymphocyte","ASD","Wald ratio",1,0,0.016,1,0.989,NA,NA,NA,0.007142113
"FAM174B","Lymphocyte","ASD","Wald ratio",1,0,0.031,1,0.99,NA,NA,NA,0.007162281
"RP1-90J20.11","Lymphocyte","ASD","Wald ratio",1,0,0.015,1,0.994,NA,NA,NA,0.007130087
"LPIN2","Lymphocyte","ASD","Wald ratio",1,0,0.018,1,0.994,NA,NA,NA,0.00657473
"AC064834.2","Lymphocyte","ASD","Wald ratio",1,0,0.023,1,0.995,NA,NA,NA,0.001403695
"SRPK2","Lymphocyte","ASD","Wald ratio",1,0.075,0.021,1.078,0.000384,NA,NA,NA,0.781367067
"KANSL1","Lymphocyte","ASD","Wald ratio",1,-0.092,0.028,0.912,0.00119,NA,NA,NA,0.558470141
"RP5-1031D4.2","Lymphocyte","ASD","Wald ratio",1,0.053,0.019,1.055,0.00524,NA,NA,NA,0.000764575
"CTC-228N24.1","Lymphocyte","ASD","Wald ratio",1,0.067,0.025,1.07,0.00621,NA,NA,NA,0.111427485
"SGSM2","Lymphocyte","ASD","Wald ratio",1,-0.059,0.024,0.943,0.0136,NA,NA,NA,0.03133544
"LINC00211","Lymphocyte","ASD","Wald ratio",1,0.043,0.018,1.044,0.0143,NA,NA,NA,0.030168821
"HKDC1","Lymphocyte","ASD","Wald ratio",1,0.123,0.051,1.131,0.0157,NA,NA,NA,0.080461341
"TGM3","Lymphocyte","ASD","Wald ratio",1,0.039,0.017,1.039,0.021,NA,NA,NA,0.001105277
"CTA-217C2.1","Lymphocyte","ASD","Wald ratio",1,0.046,0.02,1.047,0.0221,NA,NA,NA,0.013468353
"BCL2L10","Lymphocyte","ASD","Wald ratio",1,0.051,0.023,1.052,0.0251,NA,NA,NA,1.81e-05
"RNASET2","Lymphocyte","ASD","Wald ratio",1,0.075,0.034,1.077,0.0277,NA,NA,NA,8.05e-06
"SSH1","Lymphocyte","ASD","Wald ratio",1,0.031,0.014,1.031,0.0278,NA,NA,NA,1.97e-05
"GRHPR","Lymphocyte","ASD","Wald ratio",1,0.058,0.027,1.06,0.0297,NA,NA,NA,1.26e-05
"KCNN3","Lymphocyte","ASD","Wald ratio",1,0.04,0.019,1.041,0.0306,NA,NA,NA,0.01062254
"MED31","Lymphocyte","ASD","Wald ratio",1,0.051,0.024,1.053,0.0343,NA,NA,NA,0.055281999
"PLA2G6","Lymphocyte","ASD","Wald ratio",1,0.095,0.046,1.099,0.041,NA,NA,NA,0.038657681
"RP11-259G18.1","Lymphocyte","ASD","Wald ratio",1,0.042,0.021,1.043,0.0421,NA,NA,NA,0.056772236
"NRCAM","Lymphocyte","ASD","Wald ratio",1,0.045,0.023,1.046,0.0499,NA,NA,NA,0.049035441
"BTN3A2","Lymphocyte","ASD","Wald ratio",1,0.031,0.017,1.031,0.0744,NA,NA,NA,0.048609852
"AC005592.2","Lymphocyte","ASD","Wald ratio",1,-0.023,0.013,0.977,0.0766,NA,NA,NA,0.031449188
"TTLL11","Lymphocyte","ASD","Wald ratio",1,-0.042,0.024,0.959,0.0783,NA,NA,NA,0.025402567
"AC006534.1","Lymphocyte","ASD","Wald ratio",1,0.022,0.013,1.022,0.0869,NA,NA,NA,5.9e-06
"LHFPL2","Lymphocyte","ASD","Wald ratio",1,0.03,0.018,1.031,0.0886,NA,NA,NA,0.030144429
"PREX1","Lymphocyte","ASD","Wald ratio",1,0.045,0.027,1.046,0.0922,NA,NA,NA,0.023021533
"AMZ1","Lymphocyte","ASD","Wald ratio",1,-0.039,0.023,0.962,0.0928,NA,NA,NA,0.000236725
"LRRK2","Lymphocyte","ASD","Wald ratio",1,0.048,0.029,1.049,0.103,NA,NA,NA,0.006447757
"DNMBP","Lymphocyte","ASD","Wald ratio",1,-0.036,0.022,0.965,0.105,NA,NA,NA,0.004793106
"DPCD","Lymphocyte","ASD","Wald ratio",1,-0.024,0.017,0.976,0.156,NA,NA,NA,0.009351829
"KIAA1432","Lymphocyte","ASD","Wald ratio",1,0.02,0.015,1.021,0.163,NA,NA,NA,0.017934705
"PNPLA5","Lymphocyte","ASD","Wald ratio",1,0.031,0.023,1.032,0.169,NA,NA,NA,0.017274154
"TMEM87B","Lymphocyte","ASD","Wald ratio",1,0.03,0.022,1.03,0.185,NA,NA,NA,0.01179401
"PPFIBP2","Lymphocyte","ASD","Inverse variance weighted",2,-0.03,0.023,0.97,0.185,NA,0.763768843,NA,0.003325145
"ANKRD13D","Lymphocyte","ASD","Wald ratio",1,0.021,0.016,1.021,0.191,NA,NA,NA,1.4e-05
"PPP1R13B","Lymphocyte","ASD","Wald ratio",1,-0.032,0.025,0.968,0.191,NA,NA,NA,0.015643806
"HLA-DQB1","Lymphocyte","ASD","Wald ratio",1,0.017,0.013,1.017,0.194,NA,NA,NA,0.016000613
"LMBR1","Lymphocyte","ASD","Wald ratio",1,0.027,0.021,1.028,0.199,NA,NA,NA,0.000376879
"LPCAT1","Lymphocyte","ASD","Wald ratio",1,-0.023,0.018,0.978,0.205,NA,NA,NA,0.015130498
"CHST11","Lymphocyte","ASD","Inverse variance weighted",2,-0.015,0.012,0.985,0.211,NA,0.511819486,NA,0.008938007
"NUP205","Lymphocyte","ASD","Wald ratio",1,-0.016,0.013,0.984,0.215,NA,NA,NA,5.38e-06
"ART3","Lymphocyte","ASD","Wald ratio",1,-0.016,0.013,0.984,0.223,NA,NA,NA,9.72e-06
"FAM96A","Lymphocyte","ASD","Wald ratio",1,-0.034,0.033,0.966,0.292,NA,NA,NA,1.49e-06
"CTD-2210P24.6","Lymphocyte","ASD","Wald ratio",1,0.026,0.025,1.026,0.3,NA,NA,NA,0.012970844
"AC004540.5","Lymphocyte","ASD","Wald ratio",1,0.022,0.021,1.022,0.303,NA,NA,NA,1.39e-06
"FTOP1","Lymphocyte","ASD","Wald ratio",1,-0.019,0.018,0.982,0.308,NA,NA,NA,0.013100306
"FAM92B","Lymphocyte","ASD","Wald ratio",1,-0.014,0.016,0.986,0.373,NA,NA,NA,0.000436581
"USP3","Lymphocyte","ASD","Wald ratio",1,-0.016,0.019,0.984,0.41,NA,NA,NA,0.008668254
"KLK1","Lymphocyte","ASD","Wald ratio",1,0.028,0.034,1.029,0.413,NA,NA,NA,1.96e-06
"GABPA","Lymphocyte","ASD","Wald ratio",1,0.017,0.021,1.017,0.414,NA,NA,NA,0.00460752
"APOBEC3H","Lymphocyte","ASD","Wald ratio",1,0.016,0.02,1.016,0.416,NA,NA,NA,0.009729326
"RP4-794H19.4","Lymphocyte","ASD","Wald ratio",1,0.025,0.031,1.025,0.421,NA,NA,NA,0.002745605
"NAPSA","Lymphocyte","ASD","Wald ratio",1,0.018,0.022,1.018,0.425,NA,NA,NA,0.000721508
"DLG2","Lymphocyte","ASD","Wald ratio",1,-0.018,0.024,0.982,0.449,NA,NA,NA,0.005285472
"PGAP3","Lymphocyte","ASD","Wald ratio",1,0.016,0.021,1.016,0.458,NA,NA,NA,0.009536627
"KCNN4","Lymphocyte","ASD","Wald ratio",1,-0.018,0.026,0.983,0.497,NA,NA,NA,0.008509057
"PIEZO1","Lymphocyte","ASD","Wald ratio",1,0.015,0.022,1.015,0.497,NA,NA,NA,3.26e-06
"AC007386.2","Lymphocyte","ASD","Wald ratio",1,-0.031,0.046,0.97,0.503,NA,NA,NA,0.012262595
"RP11-284M14.1","Lymphocyte","ASD","Wald ratio",1,0.018,0.028,1.018,0.521,NA,NA,NA,0.001628331
"PRM1","Lymphocyte","ASD","Wald ratio",1,-0.012,0.019,0.988,0.522,NA,NA,NA,2.93e-06
"BCAR3","Lymphocyte","ASD","Wald ratio",1,0.016,0.025,1.016,0.524,NA,NA,NA,0.000677149
"BX470187.1","Lymphocyte","ASD","Wald ratio",1,0.01,0.016,1.01,0.529,NA,NA,NA,0.009265224
"PARP15","Lymphocyte","ASD","Wald ratio",1,-0.008,0.012,0.992,0.534,NA,NA,NA,5.92e-06
"SNX29","Lymphocyte","ASD","Inverse variance weighted",2,0.008,0.014,1.008,0.551,NA,0.931431498,NA,6.59e-06
"TSPAN1","Lymphocyte","ASD","Wald ratio",1,0.012,0.02,1.012,0.551,NA,NA,NA,0.000124943
"MYH11","Lymphocyte","ASD","Wald ratio",1,0.008,0.014,1.008,0.553,NA,NA,NA,0.009700481
"ESRP1","Lymphocyte","ASD","Wald ratio",1,0.011,0.019,1.011,0.559,NA,NA,NA,0.00795568
"NCK2","Lymphocyte","ASD","Wald ratio",1,0.016,0.028,1.016,0.576,NA,NA,NA,0.006193909
"LINC00243","Lymphocyte","ASD","Wald ratio",1,0.018,0.033,1.018,0.585,NA,NA,NA,0.002337619
"RPIAP1","Lymphocyte","ASD","Wald ratio",1,0.01,0.019,1.01,0.589,NA,NA,NA,8.61e-07
"DST","Lymphocyte","ASD","Wald ratio",1,-0.012,0.022,0.988,0.59,NA,NA,NA,1.34e-06
"TTN","Lymphocyte","ASD","Wald ratio",1,-0.012,0.023,0.988,0.599,NA,NA,NA,0.000737767
"RPL21P2","Lymphocyte","ASD","Wald ratio",1,0.011,0.021,1.011,0.6,NA,NA,NA,0.002455396
"C15orf53","Lymphocyte","ASD","Wald ratio",1,0.015,0.029,1.015,0.601,NA,NA,NA,0.007034106
"SLAMF8","Lymphocyte","ASD","Wald ratio",1,-0.016,0.032,0.984,0.61,NA,NA,NA,0.006006958
"AC074286.1","Lymphocyte","ASD","Wald ratio",1,0.014,0.027,1.014,0.611,NA,NA,NA,1.55e-06
"DOK7","Lymphocyte","ASD","Wald ratio",1,0.007,0.015,1.007,0.644,NA,NA,NA,9.15e-05
"PLCG2","Lymphocyte","ASD","Inverse variance weighted",2,0.01,0.022,1.01,0.654,NA,0.141078652,NA,0.014781354
"TLDC1","Lymphocyte","ASD","Wald ratio",1,-0.005,0.012,0.995,0.666,NA,NA,NA,0.007548934
"SPACA3","Lymphocyte","ASD","Wald ratio",1,-0.006,0.014,0.994,0.683,NA,NA,NA,0.007270666
"RAP1GAP2","Lymphocyte","ASD","Wald ratio",1,0.01,0.025,1.01,0.695,NA,NA,NA,0.0011703
"SV2C","Lymphocyte","ASD","Wald ratio",1,-0.011,0.032,0.989,0.73,NA,NA,NA,0.004113531
"SSUH2","Lymphocyte","ASD","Wald ratio",1,-0.005,0.015,0.995,0.747,NA,NA,NA,0.007585458
"TRGV5","Lymphocyte","ASD","Wald ratio",1,-0.004,0.012,0.996,0.75,NA,NA,NA,0.005920536
"AK3","Lymphocyte","ASD","Wald ratio",1,0.006,0.019,1.006,0.753,NA,NA,NA,0.007590939
"NAA40","Lymphocyte","ASD","Wald ratio",1,0.004,0.012,1.004,0.759,NA,NA,NA,3.32e-06
"NSG1","Lymphocyte","ASD","Wald ratio",1,0.008,0.028,1.008,0.76,NA,NA,NA,0.007290186
"IGHVIII-67-3","Lymphocyte","ASD","Wald ratio",1,-0.006,0.02,0.994,0.778,NA,NA,NA,0.000309829
"RP1-63G5.5","Lymphocyte","ASD","Wald ratio",1,-0.004,0.014,0.996,0.786,NA,NA,NA,0.006157558
"LINC00940","Lymphocyte","ASD","Wald ratio",1,-0.006,0.023,0.994,0.804,NA,NA,NA,0.000598745
"ANKRD12","Lymphocyte","ASD","Wald ratio",1,-0.005,0.023,0.995,0.816,NA,NA,NA,0.005886815
"LARGE","Lymphocyte","ASD","Wald ratio",1,0.004,0.019,1.004,0.824,NA,NA,NA,7.83e-07
"CHI3L2","Lymphocyte","ASD","Wald ratio",1,-0.003,0.014,0.997,0.831,NA,NA,NA,7.84e-07
"PROSER2","Lymphocyte","ASD","Wald ratio",1,-0.003,0.012,0.997,0.837,NA,NA,NA,6.12e-06
"EIF2AK1","Lymphocyte","ASD","Wald ratio",1,-0.005,0.023,0.995,0.847,NA,NA,NA,0.00730404
"MRPL42","Lymphocyte","ASD","Wald ratio",1,0.003,0.017,1.003,0.865,NA,NA,NA,0.006301529
"RPTOR","Lymphocyte","ASD","Inverse variance weighted",2,-0.002,0.016,0.998,0.877,NA,0.134808729,NA,0.01078312
"CAPN11","Lymphocyte","ASD","Wald ratio",1,0.005,0.032,1.005,0.878,NA,NA,NA,0.000619256
"DNM3","Lymphocyte","ASD","Wald ratio",1,0.004,0.03,1.004,0.881,NA,NA,NA,2.51e-06
"TXNDC11","Lymphocyte","ASD","Wald ratio",1,0.004,0.032,1.004,0.892,NA,NA,NA,0.002444713
"CLDN10","Lymphocyte","ASD","Wald ratio",1,-0.003,0.024,0.997,0.9,NA,NA,NA,0.005945381
"FAM188B","Lymphocyte","ASD","Wald ratio",1,0.002,0.017,1.002,0.908,NA,NA,NA,0.006882215
"SLC1A2","Lymphocyte","ASD","Wald ratio",1,0.002,0.023,1.002,0.922,NA,NA,NA,0.006749794
"TNFAIP8","Lymphocyte","ASD","Wald ratio",1,-0.002,0.024,0.998,0.928,NA,NA,NA,0.008169285
"MLPH","Lymphocyte","ASD","Wald ratio",1,0.002,0.018,1.002,0.93,NA,NA,NA,0.006603438
"RP11-138I18.2","Lymphocyte","ASD","Wald ratio",1,-0.001,0.016,0.999,0.957,NA,NA,NA,2.73e-06
"ALOX5","Lymphocyte","ASD","Wald ratio",1,-0.001,0.017,0.999,0.959,NA,NA,NA,0.0094918
"ODF1","Lymphocyte","ASD","Wald ratio",1,0.001,0.016,1.001,0.959,NA,NA,NA,7.79e-07
"RP4-536B24.3","Lymphocyte","ASD","Wald ratio",1,-0.001,0.016,0.999,0.96,NA,NA,NA,0.005393217
"USP10","Lymphocyte","ASD","Wald ratio",1,0.001,0.015,1.001,0.962,NA,NA,NA,8.26e-07
"H6PD","Lymphocyte","ASD","Wald ratio",1,0.001,0.015,1.001,0.967,NA,NA,NA,0.003587622
"RAB31","Lymphocyte","ASD","Wald ratio",1,-0.001,0.02,0.999,0.968,NA,NA,NA,1.59e-06
"CDH1","Lymphocyte","ASD","Wald ratio",1,0.001,0.034,1.001,0.979,NA,NA,NA,9.1e-07
