Gene,Cell,Psychiatry,Method,Nsnp,OR,Pvalue,Q_Pvalue(MREgger),Q_Pvalue(IVW),Pvalue(Intercept),PPH4
NEDD4L,Sert_D52,ASD,Wald ratio,1,1.145,3.93E-06,NA,NA,NA,0.996606293
CASP8,Excitatory neurons,ASD,Wald ratio,1,1.098,1.27E-05,NA,NA,NA,0.990040106
KANSL1,OPCs / COPs,ASD,Wald ratio,1,1.058,1.78E-05,NA,NA,NA,0.987814654
KANSL1,Microglia,ASD,Wald ratio,1,1.076,1.78E-05,NA,NA,NA,0.987805937
RNPC3,Oligodendrocytes,ASD,Wald ratio,1,0.637,2.25E-05,NA,NA,NA,0.004268582
AL356272.1,Excitatory neurons,ASD,Wald ratio,1,0.71,2.54E-05,NA,NA,NA,0.005201845
ABCA1,Endothelial cells,ASD,Wald ratio,1,1.193,3.36E-05,NA,NA,NA,0.010633993
ABHD13,OPCs / COPs,ASD,Wald ratio,1,0.806,6.67E-05,NA,NA,NA,0.0024814
ARL17B,Epen1_D52,ASD,Wald ratio,1,1.086,7.28E-05,NA,NA,NA,0.956681009
KANSL1-AS1,P_FPP_D11,ASD,Wald ratio,1,1.055,7.28E-05,NA,NA,NA,0.956681009
LIFR,Oligodendrocytes,ASD,Wald ratio,1,1.267,1.84E-04,NA,NA,NA,0.008260095
APBA3,Astrocytes,ASD,Wald ratio,1,1.312,1.95E-04,NA,NA,NA,0.000749875
CTSB,FPP_D30,ASD,Wald ratio,1,1.143,2.25E-04,NA,NA,NA,0.872217518
CTSB,Sert_D30,ASD,Wald ratio,1,1.157,2.25E-04,NA,NA,NA,0.872217019
CTSB,Sert_D52,ASD,Wald ratio,1,1.095,2.25E-04,NA,NA,NA,0.872217518
CTSB,Sert_D52_ROT,ASD,Wald ratio,1,1.101,2.25E-04,NA,NA,NA,0.872217518
ESYT2,Pericytes,ASD,Wald ratio,1,0.868,2.44E-04,NA,NA,NA,0.000927914
MANBA,Oligodendrocytes,ASD,Wald ratio,1,1.203,2.46E-04,NA,NA,NA,0.00677191
DNM1,Excitatory neurons,ASD,Wald ratio,1,1.274,2.68E-04,NA,NA,NA,0.065973665
XYLT1,Astrocytes,ASD,Wald ratio,1,0.781,3.08E-04,NA,NA,NA,0.000588033
SPDYE2,Excitatory neurons,ASD,Wald ratio,1,1.256,3.18E-04,NA,NA,NA,0.004430082
SLC25A21-AS1,Sert_D52,ASD,Wald ratio,1,1.175,3.27E-04,NA,NA,NA,0.816003617
HMMR,Oligodendrocytes,ASD,Wald ratio,1,1.182,3.43E-04,NA,NA,NA,0.000805145
DZIP3,OPCs / COPs,ASD,Wald ratio,1,0.789,3.72E-04,NA,NA,NA,0.000452673
DACT2,Oligodendrocytes,ASD,Wald ratio,1,0.883,4.42E-04,NA,NA,NA,0.000928316
TMEM33,Inhibitory neurons,ASD,Wald ratio,1,1.381,4.78E-04,NA,NA,NA,0.001283689
TMEM33,Excitatory neurons,ASD,Wald ratio,1,1.806,4.78E-04,NA,NA,NA,0.004659135
NADK2,Inhibitory neurons,ASD,Wald ratio,1,1.31,5.06E-04,NA,NA,NA,0.00055463
LIN52,DA_D52,ASD,Wald ratio,1,1.092,5.07E-04,NA,NA,NA,0.751845482
LIN52,DA_D52_ROT,ASD,Wald ratio,1,1.129,5.07E-04,NA,NA,NA,0.751531729
LIN52,FPP_D11,ASD,Wald ratio,1,1.139,5.07E-04,NA,NA,NA,0.721851574
ALDH1A1,Astrocytes,ASD,Wald ratio,1,1.296,5.86E-04,NA,NA,NA,0.000260019
LINC00998,P_FPP_D11,ASD,Wald ratio,1,0.772,6.34E-04,NA,NA,NA,0.732784861
AC026780.2,Inhibitory neurons,ASD,Wald ratio,1,0.846,6.80E-04,NA,NA,NA,0.000387977
TSHZ1,Oligodendrocytes,ASD,Wald ratio,1,0.767,7.73E-04,NA,NA,NA,0.000334614
LINC00909,Pericytes,ASD,Wald ratio,1,1.172,7.73E-04,NA,NA,NA,0.000517277
PPIL4,Oligodendrocytes,ASD,Wald ratio,1,1.153,7.85E-04,NA,NA,NA,0.000669575
AURKA,Oligodendrocytes,ASD,Wald ratio,1,1.144,9.14E-04,NA,NA,NA,0.000206114
GCAT,Sert_D52_ROT,ASD,Wald ratio,1,1.094,9.30E-04,NA,NA,NA,0.632309709
GPR125,FPP_D30,ASD,Wald ratio,1,0.739,9.56E-04,NA,NA,NA,0.615078047
IRF2BPL,OPCs / COPs,ASD,Wald ratio,1,1.205,1.08E-03,NA,NA,NA,0.000174555
AC046136.1,OPCs / COPs,ASD,Wald ratio,1,1.194,1.09E-03,NA,NA,NA,0.000222766
MPPE1,Microglia,ASD,Wald ratio,1,0.887,1.15E-03,NA,NA,NA,0.59100671
MPPE1,Oligodendrocytes,ASD,Wald ratio,1,0.929,1.15E-03,NA,NA,NA,0.591054938
MPPE1,OPCs / COPs,ASD,Wald ratio,1,0.876,1.15E-03,NA,NA,NA,0.1618173
MPPE1,Excitatory neurons,ASD,Wald ratio,1,0.912,1.15E-03,NA,NA,NA,0.59105494
MPPE1,Endothelial cells,ASD,Wald ratio,1,0.834,1.15E-03,NA,NA,NA,0.00018903
MPPE1,Inhibitory neurons,ASD,Wald ratio,1,0.904,1.15E-03,NA,NA,NA,0.590656108
MPPE1,Astrocytes,ASD,Wald ratio,1,0.921,1.15E-03,NA,NA,NA,0.591011318
AC118553.2,Astrocytes,ASD,Wald ratio,1,0.822,1.23E-03,NA,NA,NA,0.000253053
EBAG9,Oligodendrocytes,ASD,Wald ratio,1,1.308,1.28E-03,NA,NA,NA,0.00022544
POU3F2,OPCs / COPs,ASD,Wald ratio,1,0.777,1.29E-03,NA,NA,NA,0.000125063
TAF5,Pericytes,ASD,Wald ratio,1,0.887,1.31E-03,NA,NA,NA,0.00014038
FBXL14,Oligodendrocytes,ASD,Wald ratio,1,0.833,1.33E-03,NA,NA,NA,0.000276169
CNTNAP5,Excitatory neurons,ASD,Wald ratio,1,0.728,1.37E-03,NA,NA,NA,0.000258384
GPR27,Inhibitory neurons,ASD,Wald ratio,1,0.769,1.42E-03,NA,NA,NA,0.000111401
AJ006995.1,Inhibitory neurons,ASD,Wald ratio,1,1.217,1.45E-03,NA,NA,NA,0.000181554
MYH7,Epen1_D52_ROT,ASD,Wald ratio,1,0.935,1.48E-03,NA,NA,NA,0.558656945
MYH7,Epen1_D52,ASD,Wald ratio,1,0.932,1.48E-03,NA,NA,NA,0.558657751
PLEKHF2,Inhibitory neurons,ASD,Wald ratio,1,1.175,1.64E-03,NA,NA,NA,0.000120177
SH3BP5,FPP_D11,ASD,Wald ratio,1,1.134,1.69E-03,NA,NA,NA,0.570710974
TRAF3IP1,Endothelial cells,ASD,Wald ratio,1,1.127,1.77E-03,NA,NA,NA,0.000171821
NFATC3,Astrocytes,ASD,Wald ratio,1,0.714,1.82E-03,NA,NA,NA,0.000176362
NFATC3,Oligodendrocytes,ASD,Wald ratio,1,0.623,1.82E-03,NA,NA,NA,0.000177817
MGAT5B,Excitatory neurons,ASD,Wald ratio,1,1.262,1.88E-03,NA,NA,NA,0.001853377
SLC25A21,Excitatory neurons,ASD,Wald ratio,1,0.812,1.89E-03,NA,NA,NA,0.000581473
SMARCD3,Inhibitory neurons,ASD,Wald ratio,1,1.248,1.96E-03,NA,NA,NA,0.000121147
BAZ2A,Oligodendrocytes,ASD,Wald ratio,1,1.201,2.06E-03,NA,NA,NA,0.000271689
LRP1,Astrocytes,ASD,Wald ratio,1,1.278,2.06E-03,NA,NA,NA,8.16E-05
AC093655.1,Inhibitory neurons,ASD,Wald ratio,1,0.859,2.08E-03,NA,NA,NA,0.000518004
TMEM65,FPP_D11,ASD,Wald ratio,1,1.257,2.16E-03,NA,NA,NA,0.500283039
LSMEM1,Endothelial cells,ASD,Wald ratio,1,0.862,2.17E-03,NA,NA,NA,0.000172778
BET1L,Inhibitory neurons,ASD,Wald ratio,1,1.211,2.25E-03,NA,NA,NA,0.00021639
SH2D4B,Astrocytes,ASD,Wald ratio,1,1.201,2.37E-03,NA,NA,NA,7.53E-05
HP,Astrocytes,ASD,Wald ratio,1,1.055,2.52E-03,NA,NA,NA,0.400654917
USHBP1,Microglia,ASD,Wald ratio,1,1.331,2.62E-03,NA,NA,NA,0.000127675
LY6H,Sert_D30,ASD,Wald ratio,1,0.898,2.70E-03,NA,NA,NA,0.380561762
SDK1,Astrocytes,ASD,Wald ratio,1,0.909,2.86E-03,NA,NA,NA,0.124077793
PAICS,Oligodendrocytes,ASD,Wald ratio,1,1.223,2.87E-03,NA,NA,NA,7.08E-05
MTLN,Excitatory neurons,ASD,Wald ratio,1,1.34,2.90E-03,NA,NA,NA,6.27E-05
SLC9B1,Sert_D52,ASD,Wald ratio,1,0.885,2.90E-03,NA,NA,NA,0.362645679
KNSTRN,Excitatory neurons,ASD,Wald ratio,1,0.939,2.97E-03,NA,NA,NA,0.446610818
KNSTRN,Inhibitory neurons,ASD,Wald ratio,1,0.935,2.97E-03,NA,NA,NA,0.127100689
POLL,Pericytes,ASD,Wald ratio,1,0.89,3.02E-03,NA,NA,NA,0.00013714
TOB2,Endothelial cells,ASD,Wald ratio,1,0.85,3.07E-03,NA,NA,NA,9.28E-05
SMR3A,Astro_D52,ASD,Wald ratio,1,0.927,3.08E-03,NA,NA,NA,0.369765288
NARS2,Astrocytes,ASD,Wald ratio,1,1.154,3.13E-03,NA,NA,NA,6.72E-05
TMCO3,FPP_D30,ASD,Wald ratio,1,0.898,3.20E-03,NA,NA,NA,0.364389616
RHCE,Sert_D52,ASD,Wald ratio,1,0.935,3.25E-03,NA,NA,NA,0.343471604
RHCE,Sert_D30,ASD,Wald ratio,1,0.855,3.25E-03,NA,NA,NA,0.267129802
RHCE,Epen1_D52,ASD,Wald ratio,1,0.905,3.25E-03,NA,NA,NA,0.341970199
NCALD,OPCs / COPs,ASD,Wald ratio,1,0.904,3.35E-03,NA,NA,NA,0.028836041
SNRPD1,Sert_D52_ROT,ASD,Wald ratio,1,1.125,3.41E-03,NA,NA,NA,0.281471002
MTOR,Astrocytes,ASD,Wald ratio,1,0.852,3.42E-03,NA,NA,NA,0.000104637
FAM241A,Oligodendrocytes,ASD,Wald ratio,1,1.205,3.42E-03,NA,NA,NA,0.000106454
PXDNL,Microglia,ASD,Wald ratio,1,1.145,3.47E-03,NA,NA,NA,8.03E-05
SHISAL2B,Inhibitory neurons,ASD,Wald ratio,1,1.101,3.47E-03,NA,NA,NA,0.000385485
BCL10,Excitatory neurons,ASD,Wald ratio,1,0.794,3.49E-03,NA,NA,NA,0.00010849
C1orf226,Excitatory neurons,ASD,Wald ratio,1,0.852,3.55E-03,NA,NA,NA,7.19E-05
ATF6,Inhibitory neurons,ASD,Wald ratio,1,0.854,3.55E-03,NA,NA,NA,0.000121465
ASNS,Excitatory neurons,ASD,Wald ratio,1,0.759,3.57E-03,NA,NA,NA,7.60E-05
USP7,FPP_D30,ASD,Wald ratio,1,0.811,3.58E-03,NA,NA,NA,0.335431119
ZDHHC22,OPCs / COPs,ASD,Wald ratio,1,1.28,3.59E-03,NA,NA,NA,0.000103635
ZFAND1,Endothelial cells,ASD,Wald ratio,1,1.122,3.66E-03,NA,NA,NA,9.32E-05
MDFIC2,Microglia,ASD,Wald ratio,1,0.875,3.69E-03,NA,NA,NA,6.27E-05
TPRA1,Excitatory neurons,ASD,Wald ratio,1,1.201,3.70E-03,NA,NA,NA,0.00011931
HELB,Excitatory neurons,ASD,Wald ratio,1,0.943,3.74E-03,NA,NA,NA,0.312502988
CNTN3,Excitatory neurons,ASD,Wald ratio,1,0.793,3.75E-03,NA,NA,NA,5.27E-05
DLG5,Inhibitory neurons,ASD,Wald ratio,1,0.83,3.84E-03,NA,NA,NA,5.11E-05
SIAE,FPP_D11,ASD,Wald ratio,1,1.185,3.87E-03,NA,NA,NA,0.163221811
PKIG,Endothelial cells,ASD,Wald ratio,1,0.856,3.91E-03,NA,NA,NA,5.47E-05
DIPK1A,Excitatory neurons,ASD,Wald ratio,1,0.825,3.94E-03,NA,NA,NA,0.018049055
RNF146,DA_D30,ASD,Wald ratio,1,0.723,3.95E-03,NA,NA,NA,0.173442773
GABRA5,Sert_D52,ASD,Wald ratio,1,0.887,3.97E-03,NA,NA,NA,0.287019418
GAB1,Excitatory neurons,ASD,Wald ratio,1,0.797,4.10E-03,NA,NA,NA,0.011369761
ELP2,Oligodendrocytes,ASD,Wald ratio,1,0.829,4.38E-03,NA,NA,NA,0.00010898
MOCOS,Microglia,ASD,Wald ratio,1,1.089,4.38E-03,NA,NA,NA,0.03062529
TMEM50B,Oligodendrocytes,ASD,Wald ratio,1,0.922,4.38E-03,NA,NA,NA,0.282033295
UBE2Q1,Endothelial cells,ASD,Wald ratio,1,1.129,4.39E-03,NA,NA,NA,5.84E-05
PPARGC1A,Excitatory neurons,ASD,Wald ratio,1,0.774,4.62E-03,NA,NA,NA,5.83E-05
MPP7,Astrocytes,ASD,Wald ratio,1,0.922,4.65E-03,NA,NA,NA,0.000993749
RAB3C,Excitatory neurons,ASD,Wald ratio,1,1.165,4.69E-03,NA,NA,NA,0.189591612
GNL3,Epen1_D52_ROT,ASD,Wald ratio,1,1.102,4.69E-03,NA,NA,NA,0.269060346
MALT1,Excitatory neurons,ASD,Wald ratio,1,0.851,4.80E-03,NA,NA,NA,0.000639408
LSM1,P_FPP_D11,ASD,Wald ratio,1,1.192,4.82E-03,NA,NA,NA,0.292245278
TRIM66,OPCs / COPs,ASD,Wald ratio,1,1.079,4.85E-03,NA,NA,NA,0.004784608
TRIM66,Astrocytes,ASD,Wald ratio,1,1.104,4.85E-03,NA,NA,NA,0.268406352
HIST2H2AA3,Epen1_D30,ASD,Wald ratio,1,1.176,4.85E-03,NA,NA,NA,0.153658745
TRIM66,P_FPP_D11,ASD,Wald ratio,1,1.103,4.85E-03,NA,NA,NA,0.268406281
TRIM66,FPP_D11,ASD,Wald ratio,1,1.134,4.85E-03,NA,NA,NA,0.268359569
ID4,Sert_D52,ASD,Wald ratio,1,0.859,4.91E-03,NA,NA,NA,0.265310912
TDP1,OPCs / COPs,ASD,Wald ratio,1,1.145,5.03E-03,NA,NA,NA,6.46E-05
GSTZ1,Excitatory neurons,ASD,Wald ratio,1,0.882,5.09E-03,NA,NA,NA,0.001105158
PPIA,Epen1_D52,ASD,Wald ratio,1,0.825,5.10E-03,NA,NA,NA,0.101025488
PPIA,DA_D52,ASD,Wald ratio,1,0.854,5.10E-03,NA,NA,NA,0.158730001
PPIA,FPP_D11,ASD,Wald ratio,1,0.803,5.10E-03,NA,NA,NA,0.363549588
MYC,Pericytes,ASD,Wald ratio,1,1.151,5.20E-03,NA,NA,NA,8.44E-05
YTHDC1,Astrocytes,ASD,Wald ratio,1,0.774,5.24E-03,NA,NA,NA,4.04E-05
ADGRL3,OPCs / COPs,ASD,Wald ratio,1,0.75,5.25E-03,NA,NA,NA,0.000147838
SPHK1,Epen1_D52,ASD,Wald ratio,1,1.14,5.31E-03,NA,NA,NA,0.231635426
CACHD1,Excitatory neurons,ASD,Wald ratio,1,1.323,5.44E-03,NA,NA,NA,0.00014434
CACHD1,OPCs / COPs,ASD,Wald ratio,1,0.836,5.44E-03,NA,NA,NA,5.00E-05
SF3B2,Oligodendrocytes,ASD,Wald ratio,1,1.144,5.47E-03,NA,NA,NA,0.260080738
TMEM50B,FPP_D11,ASD,Wald ratio,1,0.906,5.61E-03,NA,NA,NA,0.239719124
TMEM50B,Sert_D52,ASD,Wald ratio,1,0.926,5.61E-03,NA,NA,NA,0.239732074
TMEM50B,P_FPP_D11,ASD,Wald ratio,1,0.868,5.61E-03,NA,NA,NA,0.10514813
HEY2,Oligodendrocytes,ASD,Wald ratio,1,0.789,5.63E-03,NA,NA,NA,3.13E-05
CDKAL1,Pericytes,ASD,Wald ratio,1,0.877,5.66E-03,NA,NA,NA,4.36E-05
CSNK1D,Inhibitory neurons,ASD,Wald ratio,1,1.089,5.78E-03,NA,NA,NA,0.000972639
MAATS1,Endothelial cells,ASD,Wald ratio,1,0.856,5.79E-03,NA,NA,NA,6.07E-05
FIBP,P_FPP_D11,ASD,Wald ratio,1,1.075,5.88E-03,NA,NA,NA,0.273216116
TRPC4AP,Sert_D52,ASD,Wald ratio,1,1.154,5.93E-03,NA,NA,NA,0.022948382
YLPM1,OPCs / COPs,ASD,Wald ratio,1,1.212,6.02E-03,NA,NA,NA,3.30E-05
PSPC1,P_FPP_D11,ASD,Wald ratio,1,1.215,6.04E-03,NA,NA,NA,0.015127329
MDH2,Excitatory neurons,ASD,Wald ratio,1,0.668,6.13E-03,NA,NA,NA,4.41E-05
TPRA1,FPP_D11,ASD,Wald ratio,1,0.85,6.13E-03,NA,NA,NA,0.066474666
LSP1,Microglia,ASD,Wald ratio,1,1.106,6.14E-03,NA,NA,NA,0.009733095
AC021504.1,Inhibitory neurons,ASD,Wald ratio,1,1.09,6.34E-03,NA,NA,NA,0.000241184
SMARCD2,Endothelial cells,ASD,Wald ratio,1,1.149,6.37E-03,NA,NA,NA,9.39E-05
GREM1,Oligodendrocytes,ASD,Wald ratio,1,1.067,6.46E-03,NA,NA,NA,0.219675681
CNTN3,Inhibitory neurons,ASD,Wald ratio,1,1.267,6.47E-03,NA,NA,NA,2.86E-05
MIATNB,Endothelial cells,ASD,Wald ratio,1,1.085,6.58E-03,NA,NA,NA,3.73E-05
SH3D19,Oligodendrocytes,ASD,Wald ratio,1,1.235,6.68E-03,NA,NA,NA,4.91E-05
TDRD10,Inhibitory neurons,ASD,Wald ratio,1,0.885,6.72E-03,NA,NA,NA,3.69E-05
SHE,Endothelial cells,ASD,Wald ratio,1,1.157,6.72E-03,NA,NA,NA,3.42E-05
AC005082.1,Pericytes,ASD,Wald ratio,1,1.088,6.78E-03,NA,NA,NA,3.19E-05
ZNF391,P_FPP_D11,ASD,Wald ratio,1,0.928,6.80E-03,NA,NA,NA,0.232868612
ZFYVE28,Sert_D52_ROT,ASD,Wald ratio,1,1.128,6.82E-03,NA,NA,NA,0.206039506
PPARGC1A,OPCs / COPs,ASD,Wald ratio,1,0.869,6.83E-03,NA,NA,NA,9.52E-05
GPR63,Excitatory neurons,ASD,Wald ratio,1,1.188,6.85E-03,NA,NA,NA,0.00202702
DGCR2,Inhibitory neurons,ASD,Wald ratio,1,1.154,7.00E-03,NA,NA,NA,0.000859298
UTP23,Oligodendrocytes,ASD,Wald ratio,1,0.839,7.06E-03,NA,NA,NA,0.017625263
UTP23,Excitatory neurons,ASD,Wald ratio,1,0.771,7.06E-03,NA,NA,NA,0.000177367
TMEM99,Sert_D52,ASD,Wald ratio,1,0.941,7.23E-03,NA,NA,NA,0.201808
TMEM99,Epen1_D52_ROT,ASD,Wald ratio,1,0.922,7.23E-03,NA,NA,NA,0.199921298
TXNL4A,Excitatory neurons,ASD,Wald ratio,1,1.232,7.34E-03,NA,NA,NA,0.00252805
VSTM2B,DA_D52,ASD,Wald ratio,1,1.125,7.44E-03,NA,NA,NA,0.185620684
DCLK2,Astrocytes,ASD,Wald ratio,1,0.867,7.57E-03,NA,NA,NA,0.000101895
EVI5,Inhibitory neurons,ASD,Wald ratio,1,0.803,7.63E-03,NA,NA,NA,4.49E-05
CCDC122,DA_D30,ASD,Wald ratio,1,1.11,7.66E-03,NA,NA,NA,0.248531112
CCDC122,FPP_D11,ASD,Wald ratio,1,1.096,7.66E-03,NA,NA,NA,0.272365172
CCDC122,P_FPP_D11,ASD,Wald ratio,1,1.102,7.66E-03,NA,NA,NA,0.270114373
PARVA,Excitatory neurons,ASD,Wald ratio,1,1.079,7.96E-03,NA,NA,NA,0.26623079
PARVA,Inhibitory neurons,ASD,Wald ratio,1,1.074,7.96E-03,NA,NA,NA,0.235226699
GPR146,Pericytes,ASD,Wald ratio,1,1.138,7.97E-03,NA,NA,NA,5.24E-05
MALT1,P_FPP_D11,ASD,Wald ratio,1,0.831,8.02E-03,NA,NA,NA,0.120486482
FAM102B,Microglia,ASD,Wald ratio,1,0.844,8.17E-03,NA,NA,NA,2.44E-05
FAM171B,Oligodendrocytes,ASD,Wald ratio,1,0.967,8.44E-03,NA,NA,NA,0.182606141
AIFM3,Astrocytes,ASD,Wald ratio,1,1.487,8.45E-03,NA,NA,NA,2.73E-05
AC062021.1,Microglia,ASD,Wald ratio,1,0.927,8.53E-03,NA,NA,NA,0.024804292
FAM53A,Astrocytes,ASD,Wald ratio,1,1.131,8.57E-03,NA,NA,NA,3.22E-05
GXYLT1,Astrocytes,ASD,Wald ratio,1,1.119,8.61E-03,NA,NA,NA,3.11E-05
AL137025.1,Endothelial cells,ASD,Wald ratio,1,1.16,8.65E-03,NA,NA,NA,5.19E-05
SLC45A4,OPCs / COPs,ASD,Wald ratio,1,1.157,8.80E-03,NA,NA,NA,2.06E-05
FGD5-AS1,FPP_D11,ASD,Wald ratio,1,1.107,8.83E-03,NA,NA,NA,0.193860619
FGD5-AS1,P_FPP_D11,ASD,Wald ratio,1,1.099,8.83E-03,NA,NA,NA,0.193860619
RAC1,Epen1_D30,ASD,Wald ratio,1,1.18,8.91E-03,NA,NA,NA,0.176206365
RAC1,Sert_D52_ROT,ASD,Wald ratio,1,1.057,8.91E-03,NA,NA,NA,0.176487337
PRRT1,Excitatory neurons,ASD,Wald ratio,1,0.801,8.97E-03,NA,NA,NA,4.04E-05
AC068389.1,OPCs / COPs,ASD,Wald ratio,1,1.211,9.00E-03,NA,NA,NA,3.10E-05